NBHDName,NBHDNo,POPULATION_2023,ASSAULT_RATE_2015,ASSAULT_RATE_2016,ASSAULT_RATE_2017,ASSAULT_RATE_2018,ASSAULT_RATE_2019,AUTOTHEFT_RATE_2015,AUTOTHEFT_RATE_2016,AUTOTHEFT_RATE_2017,AUTOTHEFT_RATE_2018,AUTOTHEFT_RATE_2019,BIKETHEFT_RATE_2015,BIKETHEFT_RATE_2016,BIKETHEFT_RATE_2017,BIKETHEFT_RATE_2018,BIKETHEFT_RATE_2019,BREAKENTER_RATE_2015,BREAKENTER_RATE_2016,BREAKENTER_RATE_2017,BREAKENTER_RATE_2018,BREAKENTER_RATE_2019,HOMICIDE_RATE_2015,HOMICIDE_RATE_2016,HOMICIDE_RATE_2017,HOMICIDE_RATE_2018,HOMICIDE_RATE_2019,ROBBERY_RATE_2015,ROBBERY_RATE_2016,ROBBERY_RATE_2017,ROBBERY_RATE_2018,ROBBERY_RATE_2019,SHOOTING_RATE_2015,SHOOTING_RATE_2016,SHOOTING_RATE_2017,SHOOTING_RATE_2018,SHOOTING_RATE_2019,THEFTFROMMV_RATE_2015,THEFTFROMMV_RATE_2016,THEFTFROMMV_RATE_2017,THEFTFROMMV_RATE_2018,THEFTFROMMV_RATE_2019,THEFTOVER_RATE_2015,THEFTOVER_RATE_2016,THEFTOVER_RATE_2017,THEFTOVER_RATE_2018,THEFTOVER_RATE_2019
South Eglinton-Davisville,174,21987,332.1354675,377.8269653,429.4542847,431.5816345,345.8668823,21.77937508,16.19258308,41.89797974,76.16146088,39.52764511,103.452034,145.7332611,178.0664063,152.3229218,207.5201416,174.2350006,134.9382019,193.7781525,243.7166748,410.0993042,0.0,5.397527695,0.0,0.0,4.940955639,54.44843674,48.57775116,36.66073227,86.31632233,24.70477867,0.0,5.397527695,0.0,5.077430725,4.940955639,103.452034,70.16786194,89.03320313,96.47118378,118.5829315,16.33453178,21.59011078,5.237247467,15.23229218,14.82286644
North Toronto,173,15077,449.127655,372.0688782,429.0075073,433.5487976,582.0105591,8.637070656,17.30552864,16.50028801,31.53082085,30.23431587,112.2819138,77.87487793,107.2518768,134.0059967,166.2887421,380.0310974,129.7914734,198.0034637,331.0736389,272.1088562,0.0,0.0,0.0,0.0,7.558578968,86.37070465,60.5693512,49.50086594,70.9443512,143.6130066,0.0,0.0,0.0,0.0,0.0,51.82242203,112.485939,107.2518768,55.178936,136.0544281,25.91121101,17.30552864,16.50028801,39.41352844,30.23431587
Dovercourt Village,172,13837,422.159668,587.447937,693.9317627,684.9315186,694.3439941,74.06310272,133.8488922,81.20478058,80.15155792,86.79299927,251.8145447,386.6745911,332.2013855,218.5951691,188.0514984,155.5325165,275.1338501,287.9078674,364.3252563,600.3182373,0.0,0.0,7.38225317,0.0,14.46549988,140.7198944,96.66864777,280.5256042,225.8816681,101.2584991,0.0,14.87209988,0.0,0.0,0.0,251.8145447,364.3664551,310.0546265,597.4934692,484.5942383,22.2189312,37.18024826,22.14675903,29.14602089,21.69824982
Junction-Wallace Emerson,171,26240,658.6399536,684.8467407,638.5748291,627.0218506,716.8458862,71.31769562,49.50699234,69.14504242,115.8193207,90.59041595,172.0015106,206.2791443,252.1760406,259.5950317,275.7099609,192.9773102,169.1488953,207.4351196,363.4330444,405.6875,12.58547592,0.0,4.067355633,0.0,3.938713551,125.8547668,107.265152,109.8185959,71.88785553,118.1614075,8.390317917,4.125582695,20.33677673,11.98130894,7.877427101,109.0741272,198.0279694,296.9169312,611.0467529,492.3392029,20.97579384,24.75349617,24.40413284,27.95638847,15.7548542
Yonge-Bay Corridor,170,14731,4789.324707,4208.070313,4995.443848,4575.786621,5048.573242,182.798645,172.81604,115.9804459,214.4899902,290.6754456,1425.829468,1745.442017,1781.128296,2121.067627,1675.208496,1051.092163,527.0889282,1035.539673,794.4073486,910.2730713,18.27986526,0.0,0.0,7.944073677,15.29870701,475.2764893,639.4193115,729.0199585,699.0784912,481.9092712,27.4197979,0.0,24.85295296,31.77629471,30.59741402,941.4130249,682.6233521,737.3042603,897.6803589,1308.039429,274.1979675,233.301651,289.9511108,349.5392456,481.9092712
Bay-Cloverhill,169,19055,685.0722656,807.8817749,971.9767456,818.2313843,958.671875,27.40289116,39.40886688,44.18076324,90.91460419,75.99228668,596.0128784,650.2462769,624.8422241,581.8534546,409.189209,308.2825317,380.9523926,340.8230286,430.3291016,479.3359375,0.0,0.0,0.0,0.0,5.845560074,102.7608414,124.7947464,119.9192123,175.7682343,210.4401703,0.0,0.0,0.0,6.060973167,0.0,171.2680664,157.6354675,94.67306519,193.9511414,192.9034882,89.05939484,85.38587952,88.36152649,60.60973358,58.45560455
Bendale-Glen Andrew,156,20773,782.4064331,894.435791,849.9744263,916.5533447,1012.155823,195.6016083,218.4087372,128.008194,196.4042969,173.6541748,37.0057106,20.80083275,117.76754,10.07201481,14.88464355,174.4554901,156.0062408,138.2488403,166.1882477,148.8464355,0.0,10.40041637,0.0,0.0,4.961547852,290.7591553,249.6099854,343.0619507,221.5843353,173.6541748,5.286530018,15.60062408,25.60163879,5.036007404,14.88464355,338.3379211,228.8091583,327.7009583,266.9083862,248.0773926,42.29224014,41.6016655,87.04557037,65.46809387,39.69238281
Downsview,155,17003,804.9182129,828.0134277,852.7324829,776.3310547,861.9130859,202.8140411,240.187088,192.954071,189.4981384,415.8881226,25.35175514,56.88641739,24.89729881,61.12842941,48.21891403,209.1519775,176.9799652,161.8324432,256.7394104,223.0124817,0.0,0.0,0.0,6.112843037,12.05472851,158.4484711,69.52783966,93.36486816,207.8366699,120.547287,12.67587757,12.64142609,31.12162399,12.22568607,42.19155121,323.2348938,391.8842163,317.4405518,385.1091003,433.9702148,69.71733093,18.96213913,80.91622162,18.33852959,42.19155121
Oakdale-Beverley Heights,154,21503,1144.153442,1135.80249,1355.039917,1450.876831,1400.759766,345.2187195,251.8518524,258.3349609,369.9255371,441.5954285,39.4535675,34.56790161,4.87424469,33.6295929,37.98670578,212.0629272,118.5185165,155.9758301,211.3860168,379.8670349,0.0,4.938271523,9.74848938,0.0,4.748338223,192.3361511,177.777771,238.8379822,182.5606537,194.6818542,19.72678375,19.75308609,29.24546623,33.6295929,14.24501419,202.1995392,212.3456726,302.2031555,562.0946655,565.0522461,19.72678375,39.50617218,43.86820221,52.84650421,33.23836517
Avondale,153,16149,295.42099,301.3948364,335.8694763,495.3809204,301.8174744,29.54209709,42.05509186,6.854479313,53.55469131,98.41873932,59.08419418,119.1560974,150.7985535,40.16601944,85.29624176,66.46971893,49.06427383,75.39927673,87.02637482,85.29624176,0.0,0.0,0.0,73.63770294,0.0,29.54209709,21.02754593,68.54479218,73.63770294,32.80624771,0.0,0.0,6.854479313,0.0,0.0,51.69866943,98.12854767,61.69031525,60.24903107,144.3474884,7.385524273,42.05509186,34.27239609,33.4716835,26.24499702
East Willowdale,152,18285,213.0592804,328.6210327,284.8312073,271.5947266,300.3870239,119.0625381,198.4127045,84.84334564,82.65926361,173.3002167,56.39804459,93.00595093,36.36143112,5.904233456,23.10669518,363.454071,334.8214417,442.3974304,330.6370544,311.9403992,0.0,0.0,0.0,0.0,0.0,119.0625381,86.80555725,181.8071594,188.9354706,132.8634949,0.0,0.0,0.0,5.904233456,11.55334759,125.3289871,217.0138855,218.1685944,218.4566345,259.9503174,25.06579781,18.60119057,36.36143112,17.71269989,51.99006271
Yonge-Doris,151,23234,328.5364075,359.1490784,385.6099548,384.1000366,357.5211792,23.13636589,18.41790199,45.36587524,84.85931396,128.0014191,69.40909576,82.88056183,40.82928848,58.06163406,52.9661026,37.01818466,55.25370789,45.36587524,31.26395798,97.10452271,0.0,0.0,0.0,0.0,0.0,50.90000534,115.1118851,63.5122261,116.1232681,83.86299133,0.0,0.0,0.0,0.0,0.0,50.90000534,78.2760849,99.80492401,107.190712,331.038147,23.13636589,23.02237701,31.75611305,26.79767799,66.20762634
Fenside-Parkwoods,150,22909,472.8907166,562.9309692,444.0127563,409.9107361,467.7310486,74.91338348,79.74855804,134.1288605,45.54563522,94.44569397,18.72834587,37.5287323,37.0010643,9.109127045,17.98965645,163.8730164,112.5861969,143.3791199,200.4008026,152.9120789,0.0,0.0,0.0,4.554563522,4.497414112,79.59546661,103.2040176,129.5037231,72.87301636,107.9379349,9.364172935,9.382183075,23.12566566,4.554563522,4.497414112,248.1505737,206.4080353,245.1320496,109.3095245,332.8086243,14.04625893,9.382183075,23.12566566,13.66369057,8.994828224
Parkwoods-O'Connor Hills,149,14788,311.8935547,339.1238098,391.3491211,312.6911926,377.8167725,124.7574158,69.2089386,116.7181625,61.17871094,53.97382355,6.930967331,6.920894146,61.79196548,27.19053841,13.49345589,180.2051544,152.2596741,240.3020935,231.1195679,229.3887482,0.0,0.0,0.0,0.0,0.0,6.930967331,76.12983704,123.583931,33.98817062,67.46727753,0.0,6.920894146,13.73154831,0.0,0.0,298.0316162,304.5193481,343.2886963,217.5243073,195.6551056,20.79290199,6.920894146,34.32886887,27.19053841,20.24018288
East L'Amoreaux,148,23988,399.928894,371.6473389,379.5736389,325.3090515,393.9367981,35.5492363,58.20982361,48.55011749,56.38690186,55.66498184,8.887309074,8.955357552,8.82729435,17.34981537,8.563843727,222.182724,89.55357361,145.6503448,151.8108826,171.2768707,0.0,4.477678776,0.0,0.0,0.0,71.0984726,76.1205368,66.20470428,91.08653259,192.6864777,4.443654537,8.955357552,4.413647175,4.337453842,12.84576511,142.1969452,125.3750076,114.7548218,147.4734344,111.3299637,31.10558128,8.955357552,13.24094105,26.02472305,8.563843727
L'Amoreaux West,147,24374,324.2715149,414.9562683,439.270813,379.5230103,454.6033936,53.30490494,66.92842865,61.49791336,81.94246674,110.4643784,4.442075253,22.30947685,30.74895668,30.18933105,25.49177933,151.0305634,133.8568573,175.7083282,176.8232269,195.4369659,0.0,4.461895466,4.392708302,0.0,0.0,97.7256546,98.16169739,118.6031189,94.88075256,84.97259521,13.32622623,22.30947685,48.31978989,25.87656784,25.49177933,155.472641,107.0854874,140.5666656,138.0083618,135.9561615,8.884150505,8.923790932,13.17812443,12.93828392,0.0
Malvern East,146,28098,717.5254517,649.2288208,668.0274658,647.4030762,784.8952637,48.33073044,67.54981995,100.2041168,128.0175629,144.6811523,14.87099457,18.76383781,11.13379097,7.315289021,7.234057903,81.79046631,153.8634796,85.35906219,120.7022705,54.25543594,0.0,15.01107025,7.422527313,3.65764451,0.0,104.096962,116.3358002,126.1829681,117.0446243,83.19166565,14.87099457,33.77490997,22.26758194,25.60351181,18.08514404,74.35497284,101.3247299,192.9857178,95.09875488,130.2130432,3.717748642,7.505535126,11.13379097,18.28822327,10.85108662
Malvern West,145,19412,485.0967407,579.8829346,595.3338623,534.1089478,622.2872925,97.01934814,97.55039978,160.9010468,142.781601,198.7135925,16.16989136,16.25839996,21.45347214,10.57641506,26.14652443,113.1892395,130.0671997,64.36042023,163.934433,151.6498413,0.0,0.0,0.0,10.57641506,5.22930479,107.7992783,173.4229279,166.2644196,111.0523529,130.7326202,16.16989136,5.419466496,10.72673607,21.15283012,41.83443832,172.4788513,205.939743,219.8981018,222.1047058,235.3187256,16.16989136,32.51679993,21.45347214,58.17028046,31.3758297
Morningside Heights,144,28167,457.9863892,340.2518005,392.3766785,404.4266357,410.9090881,90.840271,60.48920822,93.42301941,172.8004761,207.2727203,11.35503387,3.780575514,3.736920834,7.353211403,3.636363745,151.4004517,158.7841644,112.1076202,165.4472656,130.9090881,0.0,0.0,14.94768333,0.0,0.0,102.1953049,98.29496002,89.68609619,66.17890167,43.63636398,18.92505646,18.90287781,29.89536667,7.353211403,10.909091,155.1854706,151.2230225,250.3736877,191.1835022,170.9090881,22.71006775,41.58633041,26.15844536,40.4426651,32.72727203
West Rouge,143,22396,285.6598816,290.3379211,422.773407,397.6143188,342.2625732,138.0689392,33.31746674,37.57985687,64.7279129,146.0320282,19.04399109,57.11565781,32.88237381,92.46844482,36.50800705,157.1129303,161.8276978,192.5967712,166.4432068,104.9605255,0.0,0.0,0.0,0.0,0.0,42.84897995,42.83674622,93.949646,64.7279129,104.9605255,4.760997772,4.759638309,0.0,4.623422146,13.69050312,142.8299408,195.1451721,305.3363342,258.9116516,182.5400391,9.521995544,14.27891445,23.4874115,23.11711121,18.25400352
Woburn North,142,29500,610.8955078,622.1455078,631.8554688,619.4225464,726.5430298,57.49604797,79.11676788,78.09449768,83.98950195,138.3891449,10.780509,7.192433357,28.39799881,17.49781227,13.83891487,316.2282715,151.0411072,134.8904877,213.4733124,207.583725,0.0,0.0,0.0,0.0,0.0,136.5531158,118.6751556,184.5869904,125.9842529,65.73484802,10.780509,7.192433357,14.1989994,13.99825001,6.919457436,212.0166779,197.7919159,237.8332367,283.4645691,342.5131531,28.74802399,32.36595154,46.14674759,34.99562454,13.83891487
Golfdale-Cedarbrae-Woburn,141,28651,842.7696533,725.3924561,836.758667,722.2041626,806.0202026,70.54019165,37.19961166,95.41984558,126.3857269,74.89568329,14.85056591,55.7994194,36.69993973,10.83306217,7.132922173,215.3332062,141.3585358,176.1597137,137.2187958,142.6584473,11.13792419,3.719961405,0.0,0.0,0.0,196.7700043,141.3585358,271.5795593,148.0518494,167.6236725,11.13792419,7.43992281,11.00998211,28.88816643,39.23107147,207.9079285,182.2781067,176.1597137,245.5494232,221.120575,18.56320763,18.59980583,36.69993973,14.44408321,14.26584435
Guildwood,140,10332,394.5770874,444.8488464,440.0,463.9684143,293.1118774,0.0,40.44080353,50.0,19.74333572,29.31118774,20.23472214,60.66120529,20.0,9.871667862,19.54079056,202.347229,181.9836273,100.0,157.9466858,97.7039566,0.0,0.0,0.0,0.0,9.770395279,60.70417023,80.88160706,100.0,49.35834122,68.39276886,0.0,0.0,0.0,19.74333572,0.0,596.9243164,313.4162292,400.0,276.4067078,273.5710754,20.23472214,10.11020088,40.0,9.871667862,9.770395279
Scarborough Village,139,17713,897.3905029,1127.841797,870.4796143,1033.069824,994.9110718,88.55827332,53.14437485,122.685051,115.4267883,114.3575974,11.80776978,11.80986118,40.89501572,0.0,11.43575954,283.3864746,200.7676392,186.9486542,259.7102661,228.7151947,0.0,35.4295845,5.842145443,0.0,0.0,200.7320862,147.6232605,140.2114868,63.48473358,160.1006317,11.80776978,17.71479225,29.21072578,11.54267883,34.30727768,141.6932373,206.6725769,274.5808411,305.8809814,320.2012634,11.80776978,11.80986118,23.36858177,23.08535767,11.43575954
Eglinton East,138,24231,775.0925293,894.7276611,880.0690308,786.3640137,828.392395,91.44350433,96.01955414,125.1078491,46.75677872,113.5360184,13.06335735,8.729050636,21.57032013,4.25061655,21.02518845,330.938385,283.6941223,241.5875702,191.2777405,243.8921814,0.0,0.0,4.314064026,4.25061655,8.410075188,200.3048096,187.6745758,159.6203613,148.7715759,121.9460907,8.70890522,13.09357548,47.45470047,8.501233101,25.23022652,209.0137177,183.3100586,228.6453857,284.7912903,264.9173584,13.06335735,26.18715096,4.314064026,25.50369835,33.64030075
West Hill,136,29259,1429.346802,1520.611084,1429.488037,1482.574463,1525.629883,65.13479614,54.05015945,110.5090561,94.85665894,159.8609924,57.89759445,90.08359528,46.34250641,24.59246826,41.7028656,238.8275757,259.4407654,310.1383057,361.8605957,267.5933838,7.237199306,0.0,0.0,3.513209581,6.950478077,231.5903778,277.457489,231.7125397,175.6604767,250.2172089,3.618599653,21.62006378,10.69442463,17.56604767,31.27715111,242.446167,230.6140137,392.1289063,270.5171509,198.088623,21.71159744,28.82675171,35.64808273,17.56604767,13.90095615
Morningside,135,18463,783.6725464,921.7893066,890.3074341,746.062439,968.5362549,95.844841,79.17208862,67.19300842,66.31666565,43.77565002,16.91379547,16.96544647,0.0,5.526388645,5.471956253,112.7586365,107.4478302,89.59068298,105.0013809,93.02325439,5.637931824,0.0,0.0,5.526388645,5.471956253,129.6724396,56.55149078,106.3889389,71.8430481,98.49520874,0.0,5.655148983,5.599417686,5.526388645,16.41586876,191.689682,113.1029816,201.5790405,187.8972168,186.0465088,5.637931824,0.0,11.19883537,11.05277729,21.88782501
Highland Creek,134,13871,392.9727173,553.3042603,522.6748657,376.7897644,468.3666687,84.75881958,62.3441391,107.6095276,150.7158966,200.7285767,84.75881958,116.8952637,15.37279034,0.0,22.30317497,277.3925171,272.7556152,222.9054565,226.0738525,245.3349152,7.705347538,0.0,0.0,0.0,7.434391499,238.8657684,85.72319031,130.6687164,37.67897415,104.0814819,15.41069508,0.0,7.686395168,15.07159042,0.0,208.0443878,249.3765564,399.6925354,158.2516937,327.1132202,38.52673721,7.793017387,7.686395168,22.60738564,7.434391499
Centennial Scarborough,133,14609,277.8387146,350.1604919,331.1496582,311.0419922,342.2982788,51.18081284,36.47505188,64.7901535,70.69136047,153.6849518,14.62308979,43.77006149,28.79562378,42.41481781,20.95703888,109.673172,131.3101807,165.5748291,113.1061783,202.5847015,0.0,0.0,7.198905945,7.069136143,0.0,21.93463516,80.24510956,86.38687134,42.41481781,6.98567915,0.0,14.59002018,0.0,14.13827229,0.0,95.05008698,342.8654785,316.7518616,205.0049438,230.52742,7.311544895,7.29501009,28.79562378,14.13827229,20.95703888
Milliken,130,28371,318.2003174,327.6491089,283.3903809,264.7613525,344.0366821,159.1001587,130.3149872,220.8236694,330.0449829,304.6158142,7.400007248,0.0,11.04118347,14.50747108,10.75114632,432.9004211,249.4601288,415.8845825,435.2241516,473.0504456,0.0,0.0,0.0,0.0,3.583715677,136.9001312,148.9314117,106.7314453,61.65675354,125.4300461,7.400007248,3.723285437,0.0,7.253735542,3.583715677,240.5002441,160.1012726,276.0296021,275.6419678,304.6158142,51.80005264,33.50956726,69.92749786,65.28362274,78.84174347
Agincourt North,129,31260,257.2755432,276.6251831,250.2168579,262.7861938,263.0211792,96.89598846,60.72259903,110.0954132,137.9627533,136.3813477,23.38868713,6.746955395,0.0,3.284827471,3.247174978,180.4270172,165.300415,163.4750061,226.6530914,181.8417969,0.0,0.0,0.0,0.0,0.0,123.6259155,50.60216522,73.39694214,144.5324097,120.1454697,0.0,3.373477697,3.336224794,0.0,6.494349957,157.0383301,161.9269257,320.2775879,226.6530914,224.055069,20.0474453,16.86738777,36.69847107,13.13930988,9.741524696
Agincourt South-Malvern West,128,28097,430.8361511,536.835144,446.769989,461.5324402,462.1142578,121.3033829,111.4965286,140.8734131,148.6290894,221.5093231,20.91437721,12.38850307,28.17468262,23.46775055,11.45737839,250.9725189,251.8995667,370.2958374,363.7501526,381.9126282,0.0,0.0,0.0,3.911291838,0.0,100.3890076,86.71952057,136.848465,129.0726318,106.9355316,0.0,8.259002686,16.09981918,19.55645943,11.45737839,296.9841614,256.0290833,338.0961914,281.6130066,221.5093231,37.64587784,49.5540123,56.34936523,39.11291885,57.28689194
Dorset Park,126,26286,667.2793579,780.3479614,767.8676758,781.432251,635.2995605,167.8187561,175.1801605,161.4490967,318.7932434,234.8683167,15.98273849,11.94410133,15.75113201,7.775444984,3.850300312,335.6375122,282.677063,346.5249023,256.5896912,219.4671173,0.0,0.0,3.937783003,0.0,7.700600624,147.840332,230.9192963,137.822403,136.0702972,146.3114166,15.98273849,39.81367111,27.56448174,31.10177994,26.95210266,403.5641479,266.7516174,232.3291931,244.9265289,300.3234253,39.95684814,47.77640533,15.75113201,58.31583786,30.8024025
Ionview,125,14121,737.6110229,740.1608276,601.5569458,624.9561157,558.8543701,85.93526459,42.70158768,35.38570404,21.06593704,55.8854332,21.48381615,0.0,14.15428162,21.06593704,27.9427166,322.2572327,120.9878311,205.2370911,133.4176025,132.7279053,0.0,0.0,0.0,0.0,0.0,107.419075,64.05238342,92.00283051,49.15385056,83.82815552,0.0,0.0,0.0,7.021978855,6.98567915,207.6768799,106.7539673,155.6970978,147.4615479,209.5703735,28.6450882,28.46772385,7.077140808,7.021978855,13.9713583
Kennedy Park,124,18173,1429.706177,1215.218628,1109.734131,1231.678101,1227.604492,68.08124542,73.82169342,168.9950409,167.1961212,132.7140045,34.04062271,28.39295769,56.3316803,66.87844849,16.58925056,204.2437286,261.21521,281.6584167,267.5137939,226.7197571,0.0,0.0,0.0,11.14640808,5.52974987,380.1202698,164.6791534,304.1910706,172.7693176,160.3627472,0.0,11.35718346,16.89950371,16.71961212,11.05949974,283.6718445,193.072113,416.8544312,328.8190308,387.082489,17.02031136,28.39295769,22.53267288,111.4640808,33.17850113
Cliffcrest,123,17922,610.5834351,677.7990112,720.4698486,818.0201416,793.0029297,80.17762756,67.7798996,108.9786301,136.3366852,110.7871704,12.33501911,43.13266373,54.48931503,5.9276824,23.32361603,357.7155457,363.5467224,217.9572601,314.1671753,268.2215881,6.167509556,0.0,0.0,5.9276824,5.830904007,135.6852112,154.0452271,205.848526,88.91523743,169.0962067,12.33501911,0.0,0.0,11.8553648,5.830904007,345.3805237,388.1939697,429.8601379,385.2993469,623.9066772,30.8375473,18.48542786,42.38057709,17.78304672,17.49271202
Birchcliffe-Cliffside,122,23417,597.1623535,887.414856,714.6661987,871.2021484,904.7619019,76.32902527,67.22839355,57.70596695,105.0696106,112.5541153,80.8189621,98.60164642,75.46164703,35.02320099,21.64502144,363.6853333,340.6238708,368.4303894,306.4530334,246.7532501,4.489942551,0.0,4.438920498,4.377900124,0.0,116.7385025,112.0473251,66.5838089,96.31380463,138.5281372,0.0,0.0,0.0,0.0,8.658008575,484.9137878,416.8160706,257.4573975,429.0342407,402.5974121,22.44971275,26.89135933,22.19460297,35.02320099,30.30303001
Downtown Yonge East,168,18023,3026.846191,2722.696777,3436.053223,3452.536133,4050.698975,144.4976807,129.6522217,101.2731476,329.4666748,280.9355774,981.0631714,892.3123779,1164.641235,1290.411133,1123.74231,623.621582,648.2611084,810.1851807,844.2583618,1182.542847,15.21028233,7.626601696,0.0,13.72777843,0.0,768.1192627,762.6601563,882.5231323,981.5361328,751.3393555,30.42056465,22.87980461,0.0,13.72777843,32.66692734,1201.612305,1090.604004,1642.071777,1249.227783,1659.47998,83.65655518,228.7980499,144.6759186,137.2777863,130.6677094
Church-Wellesley,167,22938,1136.489014,1585.940796,1592.307251,1803.956787,1687.641602,55.16936874,42.86326599,87.88709259,129.5659485,81.97116852,579.2783813,519.7171021,666.9078979,458.4641418,578.6199951,402.7363892,332.1903076,449.775116,393.6811829,617.1946411,11.03387356,16.07372475,5.169828892,4.983305931,4.821833134,209.6436005,273.2533264,227.4724731,269.0985107,231.447998,5.516936779,5.357908249,0.0,0.0,4.821833134,375.1517029,358.9798584,279.1707458,264.1152039,443.6086731,27.58468437,64.29489899,51.69828796,104.6494217,101.2584991
St Lawrence-East Bayfront-The Islands,166,31003,861.847168,944.881897,902.7915039,1200.257446,1025.268188,47.16576767,29.00953102,63.35379028,75.72602081,69.07834625,420.2041016,530.460022,471.1938171,579.3040771,530.812561,210.1020508,256.9415588,269.2536011,295.3314819,378.1130676,0.0,0.0,3.959611893,0.0,0.0,64.31695557,66.30750275,83.15184784,159.0246429,116.3424835,0.0,12.43265629,15.83844757,7.572602272,0.0,493.0966492,364.6912537,356.3650818,272.613678,447.1914063,81.46813965,66.30750275,79.19223785,64.36711884,101.799675
Harbourfront-CityPlace,165,31477,576.7151489,537.6745605,659.5397949,523.965271,633.7786865,56.06952667,37.33851242,72.47689819,31.64890862,47.96163177,292.3625183,459.2636719,554.4482422,453.6343384,441.9321594,256.3178406,141.8863373,228.3022308,284.8401794,280.9181213,0.0,0.0,0.0,0.0,0.0,28.03476334,56.00776672,57.98151779,91.43017578,68.51661682,4.004966259,0.0,3.623844862,21.09927177,6.851661682,372.461853,257.6357117,257.2929993,225.0588989,137.0332336,60.07449341,85.87857819,43.48613739,66.81436157,68.51661682
Wellington Place,164,28870,3099.981934,3028.661133,2638.509277,2241.063232,1810.899536,120.3876495,135.4499664,144.0993805,183.3180542,140.6110229,583.8800659,888.5517578,834.7825928,852.4289551,613.5753784,457.473053,617.6518555,645.9627075,806.5994263,664.706604,6.019382477,0.0,4.968944073,4.582951546,4.260940075,240.7752991,254.6459351,258.3851013,242.8964233,217.3079376,36.11629486,16.2539959,54.65838623,41.24656296,34.0875206,896.8880005,455.1118774,546.5838623,467.4610596,468.7033997,90.29073334,108.3599701,99.37888336,109.9908371,123.5672607
Fort York-Liberty Village,163,21860,671.3018188,538.6289673,522.0692749,664.31604,621.1488647,89.90649414,76.1697464,52.734272,66.43160248,94.41462708,425.5574341,326.4417725,400.7804565,521.2325439,596.3029175,221.7693634,152.3394928,305.8587646,219.7352905,412.4428406,11.98753262,0.0,0.0,5.110123158,0.0,41.95636368,21.76278496,10.54685402,25.55061531,39.75352859,11.98753262,5.440696239,0.0,15.330369,4.969191074,341.6446838,130.5767212,205.6636658,163.523941,233.5519714,83.91272736,59.84766006,42.18741608,40.88098526,59.63029099
West Queen West,162,15136,1028.16272,890.6409912,976.0298462,752.8848877,795.7376099,52.15318298,51.10235214,43.06014252,49.25415039,96.87240601,335.2704468,459.9211426,480.8382263,464.3962708,608.9122314,216.0631866,306.6141052,222.4773865,197.0166016,449.76474,0.0,7.300335884,0.0,7.036307335,0.0,89.40545654,51.10235214,50.23683167,56.29045868,76.11402893,14.90090942,21.9010067,7.176690102,7.036307335,6.919457436,372.5227356,350.4161072,624.3720093,408.105835,387.489624,29.80181885,43.8020134,28.70676041,49.25415039,41.51674652
Humber Bay Shores,161,20822,484.2158203,449.687561,457.678833,409.7688904,498.5679321,50.30813599,40.88068771,107.3567657,49.17226791,116.6861115,81.75072479,181.043045,214.7135315,338.7422791,392.4896545,125.77034,93.44156647,84.75534058,76.49019623,180.3330841,6.288516998,0.0,0.0,0.0,5.30391407,37.73110199,17.52029419,33.90213394,81.95378113,53.03914261,12.577034,0.0,0.0,0.0,10.60782814,132.0588531,204.4034271,192.1121063,76.49019623,100.7743683,37.73110199,58.4009819,45.20284653,38.24509811,26.5195713
Mimico-Queensway,160,18313,745.6165771,953.1465454,1488.044556,2311.265381,1273.039185,151.4533691,160.771698,124.9503021,72.75169373,226.933075,110.6774597,34.45108032,124.9503021,223.8513641,127.3039246,267.9559631,189.4809418,244.2210541,201.4662323,254.6078491,0.0,5.741846561,5.679559231,0.0,0.0,75.72668457,51.67662048,96.55250549,78.34797668,38.74467087,5.825129509,5.741846561,5.679559231,5.596283913,5.534953117,279.6062317,212.4483185,244.2210541,235.0439301,404.0515747,52.42616653,40.1929245,28.39779663,33.57770538,77.48934174
Etobicoke City Centre,159,25495,784.1010132,614.947937,618.1884766,686.6610718,589.1712646,374.7904053,487.2279968,325.1213379,540.468689,507.4613953,59.17743301,89.87701416,59.52926254,48.73078537,68.80832672,419.1734924,307.4739685,256.4337463,314.5350647,318.2384949,0.0,0.0,0.0,8.860142708,4.30052042,113.4234161,99.33774567,206.0628204,88.60142517,94.6114502,4.931452751,14.1911068,13.73752213,4.430071354,8.60104084,606.5687256,458.8457947,421.2839966,474.0176392,507.4613953,192.3266602,146.6414337,123.6376953,217.0735016,116.1140518
Islington,158,25937,223.4156799,356.9303894,301.0033569,339.8992615,310.3962708,103.1149292,140.2226563,100.3344498,147.426178,229.7738495,51.5574646,25.49502754,25.08361244,16.38068771,28.2178421,249.1944122,169.9668579,167.2240753,196.5682526,205.5871277,0.0,0.0,0.0,0.0,0.0,51.5574646,89.23259735,100.3344498,57.33240509,60.4668045,17.18582153,12.74751377,0.0,8.190343857,8.062240601,446.8313599,229.4552612,267.5585327,298.9475403,294.2717896,25.7787323,25.49502754,25.08361244,20.47585869,36.2800827
Bendale South,157,10881,659.9126587,739.7817383,946.4302368,765.3061523,608.6482544,111.5345306,64.73090363,101.0750732,136.6618042,181.6860504,18.58908844,64.73090363,18.377285,0.0,9.084301949,269.5417786,258.9236145,321.6025085,163.9941711,190.7703552,0.0,9.247272491,0.0,0.0,0.0,148.7127075,157.2036285,119.4523544,36.44314957,54.5058136,0.0,18.49454498,9.188642502,9.110787392,0.0,269.5417786,157.2036285,431.8662109,236.8804626,336.1191711,18.58908844,36.98908997,36.75457001,0.0,9.084301949
Caledonia-Fairbank,109,10581,596.4020386,625.3052979,669.1882324,593.869751,712.9277344,39.10832977,107.47435,67.88866425,105.3639832,85.55133057,9.777082443,48.8519783,29.09514046,28.73563194,0.0,185.7645721,127.0151443,96.9838028,86.20689392,85.55133057,0.0,0.0,0.0,0.0,0.0,87.9937439,146.5559387,87.28542328,86.20689392,152.0912476,9.777082443,0.0,9.69838047,19.15708733,0.0,107.547905,117.244751,203.6659851,201.1494293,209.125473,9.777082443,9.770395279,9.69838047,9.578543663,19.01140594
Briar Hill-Belgravia,108,15146,537.6343994,436.6514282,453.2539673,520.833313,490.0662231,95.27698517,102.3401794,67.64984131,240.384613,125.8278122,61.24948883,47.75875092,47.35489273,80.12820435,19.8675499,197.3594666,211.5030365,209.7145233,220.3525696,324.5033264,0.0,0.0,6.764984608,0.0,0.0,81.66598511,143.2762451,148.8296509,153.5790558,178.8079529,0.0,13.64535713,27.05993843,0.0,26.49006653,238.1924591,211.5030365,216.4795074,213.6752167,231.7880859,13.61099815,27.29071426,27.05993843,26.70940208,39.73509979
Oakwood Village,107,22404,668.1104126,677.2633057,562.362854,628.1350098,735.2941284,55.29189682,119.7880707,64.00878143,140.0876617,179.3400269,101.3684769,78.32296753,64.00878143,31.63269997,53.80200958,133.6220856,105.9663696,187.4542847,85.86018372,219.6915283,0.0,0.0,0.0,0.0,8.967000961,92.1531601,161.2531738,118.8734436,90.37914276,201.7575378,13.82297421,50.67956543,9.144111633,49.70852661,58.28551102,188.9139709,119.7880707,283.4674377,158.1634979,224.1750336,13.82297421,9.214467049,22.86027718,9.037914276,8.967000961
Humewood-Cedarvale,106,15620,333.8329468,360.4706421,275.3526001,310.8876953,294.0407715,47.69042206,115.6226654,147.7501678,138.9072571,104.5478287,347.4587708,122.423996,87.30691528,125.6780014,84.94511414,265.7037659,183.6359863,261.9207458,224.8974762,182.9587097,6.812917233,0.0,6.715916634,0.0,0.0,74.9420929,47.60933304,53.72733307,26.45852661,71.87663269,0.0,0.0,6.715916634,0.0,0.0,401.9621277,272.0533142,228.3411713,403.4925232,313.6434937,20.43875122,34.00666428,33.57958221,46.30242157,19.60271835
Lawrence Park North,105,15581,166.2676239,146.3836517,224.3336029,136.7098541,238.8483582,146.315506,93.15323639,178.1472626,253.8897247,116.1965027,66.50704956,93.15323639,131.9609375,78.11991119,148.4733124,232.7746735,179.6526642,191.3433685,84.6299057,148.4733124,0.0,0.0,0.0,0.0,0.0,39.90422821,26.61521149,39.58828354,13.01998615,32.27680588,0.0,0.0,0.0,0.0,0.0,232.7746735,146.3836517,250.7257843,253.8897247,361.5002136,33.25352478,19.96140862,39.58828354,26.03997231,25.82144547
Lawrence Park South,103,16778,196.7129822,120.7345734,138.1215515,86.4357605,146.4754333,177.6762543,127.0890274,100.452034,185.2194824,164.7848663,69.80138397,76.25341797,113.0085373,98.78372192,67.13457489,298.2422791,279.5958557,301.3561096,222.263382,347.8791504,0.0,0.0,0.0,0.0,0.0,38.07348251,12.70890236,31.39126015,30.86991501,91.54714966,0.0,0.0,0.0,0.0,0.0,126.9116058,158.8612823,207.1823273,166.6975403,329.5697327,19.03674126,6.35445118,12.55650425,12.34796524,48.82514572
Forest Hill North,102,13172,215.6832581,214.9547119,289.9435425,249.6217804,301.023468,100.1386566,61.41563034,83.93102264,158.8502197,203.1908417,315.8218994,99.80039978,68.6708374,52.95007706,150.511734,277.3070374,145.8621216,350.9842834,317.7004395,285.9723206,0.0,0.0,0.0,0.0,0.0,38.51486588,61.41563034,61.04074478,121.0287476,142.9861603,0.0,0.0,0.0,7.564296722,7.525587082,123.2475739,99.80039978,297.5736389,242.0574951,240.8187866,30.81189346,15.35390759,22.89027977,0.0,22.57676125
Forest Hill South,101,12160,145.839035,109.8699875,242.6529999,114.0751114,241.2337341,118.4942093,82.40248871,107.8457794,228.1502228,172.3098145,100.2643356,82.40248871,71.89718628,140.4001465,68.92392731,164.0689087,247.2074738,593.1517944,368.550354,301.5421753,0.0,0.0,0.0,0.0,0.0,9.11493969,18.31166458,44.93574142,70.20007324,155.0788269,0.0,0.0,8.987148285,0.0,0.0,100.2643356,146.4933167,170.7558136,219.3752136,258.4647217,45.57469559,45.77915955,71.89718628,17.55001831,34.46196365
Yonge-Eglinton,100,13743,517.875061,540.5848389,513.2317505,462.3462219,691.5098267,75.17540741,24.57203674,16.0384922,86.20014191,92.2013092,158.7036438,180.194931,168.4041748,109.7092667,122.9350739,200.4677582,155.6228943,192.4619141,195.9094086,315.0211182,8.352823257,0.0,0.0,0.0,7.683442116,83.52822876,98.28814697,96.23095703,219.4185333,92.2013092,0.0,0.0,0.0,0.0,7.683442116,91.88105774,65.52542877,192.4619141,172.4002838,338.0714417,41.76411438,16.38135719,32.07698441,39.18188095,69.15097809
Mount Pleasant East,099,18084,186.3281708,109.7568054,245.770462,214.4590607,324.2940979,23.29102135,46.21339035,57.15592194,84.65489197,95.05171967,221.2647095,115.5334778,62.87151337,135.4478302,106.2342758,98.98683929,86.65010834,120.0274353,203.1717377,279.5638733,0.0,0.0,0.0,0.0,0.0,40.75928879,17.3300209,45.72473526,50.79293442,72.68660736,0.0,0.0,0.0,0.0,5.591277599,139.7461243,86.65010834,171.4677582,180.5970917,307.5202637,17.46826553,5.776673794,22.86236763,50.79293442,16.77383232
Rosedale-Moore Park,098,23053,501.1109619,514.6850586,506.434967,597.87323,579.8013306,122.9140091,56.66257477,18.5847702,141.4814453,152.8158569,316.7399292,236.0940552,246.2481995,301.2185669,310.1263123,127.6414719,283.3128662,334.5258484,282.9628906,453.9529724,0.0,0.0,0.0,4.563917637,0.0,94.54924011,89.71574402,144.0319672,114.0979385,98.88085175,4.727461815,4.72188139,0.0,0.0,0.0,198.5533905,188.8752441,246.2481995,319.4742432,283.158783,42.54715729,42.49692917,46.46192551,50.20309448,62.92417526
Yonge-St.Clair,097,13953,205.6636658,250.0195313,199.7388,203.8351135,260.3198242,23.73042297,54.69177246,15.36452293,45.29669189,44.62625504,150.2926788,109.3835449,92.18714142,113.2417297,178.5050201,158.2028198,93.75732422,138.2807159,181.1867676,208.2558594,0.0,0.0,0.0,0.0,0.0,7.910140991,46.87866211,15.36452293,7.549448967,14.87541866,0.0,7.813110352,0.0,0.0,0.0,71.19126892,54.69177246,53.77583313,173.6373291,163.6296082,39.55070496,54.69177246,0.0,22.64834595,44.62625504
Casa Loma,096,11972,308.1664124,387.1432495,301.4451599,383.4422607,473.3626099,27.19115448,45.01665497,70.92827606,156.8627472,43.0329628,172.2106476,135.0499725,97.52637482,148.1481476,163.5252533,217.5292358,171.0632935,239.3829193,200.43573,292.6241455,0.0,0.0,0.0,8.714596748,0.0,45.31858826,18.00666237,79.79431152,52.2875824,68.85273743,0.0,0.0,0.0,0.0,0.0,235.656662,207.0766144,141.8565521,191.7211304,266.8043823,45.31858826,63.02331924,62.0622406,17.4291935,17.21318436
Annex,095,34502,764.3915405,872.9812012,826.3649902,785.2651367,882.7199097,50.73395157,63.79478073,78.70142365,108.5325775,84.21709442,375.4312439,419.7025146,445.974762,395.8246765,446.0386658,365.2844543,412.9872742,383.6694641,549.0471191,661.2601318,0.0,0.0,0.0,6.384269238,3.119151592,138.6728058,117.5167007,206.5912476,137.2617798,102.9319992,0.0,16.7881012,6.558452129,6.384269238,6.238303185,581.7493286,550.6497192,564.0269165,622.4662476,539.6132202,64.26300812,73.86764526,95.09755707,140.4539185,127.8852158
Wychwood,094,14609,514.289917,599.7221069,404.4489441,532.4435425,483.3963928,110.2049789,138.9599915,86.66763306,149.084198,63.05170059,264.4919434,255.9789429,144.4460449,99.38946533,161.1321259,213.0629578,212.0968323,274.4474792,212.977417,343.2814941,0.0,0.0,0.0,0.0,7.005744934,88.16398621,65.82315826,130.0014496,156.1834412,84.06893921,7.346998692,0.0,0.0,7.099247456,7.005744934,168.9809723,190.155777,209.4467773,305.2676392,273.2240295,7.346998692,29.25473595,28.88920975,14.19849491,7.005744934
Corso Italia-Davenport,092,14784,582.524292,483.625824,611.3477173,618.6688232,628.293457,62.41331482,48.36257935,82.42890167,74.78414917,108.0934982,48.54368973,62.18046188,82.42890167,33.99279404,67.55844116,152.5658875,103.6341019,212.9413452,217.5538788,270.2337646,6.934812546,0.0,0.0,0.0,0.0,110.9570007,200.3592682,206.0722656,122.374054,216.1869965,0.0,6.908940315,6.869075298,0.0,13.51168728,249.6532593,186.5413818,144.2505798,231.151001,256.7220764,27.73925018,13.81788063,20.60722542,33.99279404,33.77922058
Weston-Pelham Park,091,12330,821.5150757,730.3123779,666.7821045,739.6072388,962.5847778,138.3604279,140.7831116,69.27606201,119.0172577,108.8139267,112.4178467,35.19577789,51.95705032,0.0,75.3327179,198.8931122,140.7831116,69.27606201,195.5283508,200.8872528,8.647526741,8.798944473,0.0,8.501233101,8.3703022,112.4178467,131.9841614,86.59508514,212.5308228,41.85150909,8.647526741,35.19577789,17.3190155,34.0049324,25.1109066,242.1307526,184.777832,95.2545929,229.5332794,200.8872528,34.59010696,70.39155579,8.659507751,17.0024662,25.1109066
Junction Area,090,15252,702.413269,742.2823486,616.6917725,898.8916016,621.8656006,166.91008,138.7443695,164.4511414,256.8261719,207.2885284,139.0917358,180.3676758,157.5990143,175.723175,147.1079865,229.501358,228.9282074,315.1980286,419.0321655,280.8425293,0.0,0.0,0.0,0.0,0.0,104.3188019,83.24662018,95.92983246,175.723175,100.3009033,6.954586506,6.937218189,0.0,6.758583546,13.37345409,264.274292,235.8654175,322.0501709,432.5493469,354.3965149,13.90917301,27.74887276,54.81704712,40.55150223,60.18054199
Oakridge,121,15389,1312.7854,1018.373474,1168.649414,1118.123169,1112.68457,107.020546,78.33641815,76.97690582,102.8947754,60.6918869,107.020546,28.48597145,76.97690582,82.31581879,67.43543243,478.025116,420.1680603,482.8551331,445.8773499,337.1771545,7.134703159,0.0,0.0,0.0,0.0,242.5799103,213.6447754,258.9223328,253.8071136,222.5369263,85.61643982,21.36447716,48.98530579,27.43860626,13.4870863,549.3721313,505.6259766,391.8824463,411.5791016,337.1771545,28.53881264,71.21492767,6.997900486,27.43860626,40.46125793
Clairlea-Birchmount,120,28782,1006.171692,932.1003418,928.758728,1073.493042,1047.882935,112.2124557,180.5253601,145.6876526,172.3333282,252.2023315,78.54872131,29.47352982,61.91724777,35.90277481,21.31287384,430.1477356,320.5246277,371.5035095,233.368042,230.8894501,7.480830193,3.684191227,0.0,10.77083302,3.552145481,179.5399323,169.4727936,207.6048889,107.7083282,142.0858154,18.70207596,0.0,0.0,28.72221947,10.65643692,377.7819214,401.5768433,393.3566284,516.999939,461.7789001,56.10622787,66.31543732,25.49533844,43.08333206,53.28218079
Wexford/Maryvale,119,29870,778.4854736,711.4680176,710.355896,693.2290039,821.7038574,184.005661,147.9290009,233.3031616,295.1371155,329.3606262,35.38570404,28.17695045,17.41068268,24.02278709,20.37282181,325.5484924,267.6810303,302.9458923,343.1826782,292.0104675,0.0,7.044237614,0.0,6.86365366,3.395470381,127.3885345,84.53085327,121.8747787,120.1139374,105.2595825,10.61571121,14.08847523,20.89282036,17.15913391,10.1864109,445.8598633,412.0879211,449.1956177,312.2962341,298.8013916,56.61712646,45.78754425,38.30350113,44.61374664,47.53658676
Tam O'Shanter-Sullivan,118,29770,341.3092041,366.9592896,443.2781372,460.3634033,392.4133301,68.26184082,75.55043793,63.83205032,108.1156464,86.05555725,7.185456753,10.79292011,17.73112488,13.95040607,20.65333366,244.3055267,223.0536804,191.4961548,268.5453186,230.628891,3.592728376,0.0,0.0,3.487601519,6.884444714,136.5236816,93.53863525,92.20185089,59.28922653,99.82444763,10.77818489,7.195280075,7.092450142,13.95040607,10.32666683,204.7855072,154.6985168,276.6055603,195.3056946,206.5333405,25.14909744,28.7811203,28.36980057,10.46280479,10.32666683
Steeles,116,26395,143.3292236,176.3103027,162.440567,128.9012146,181.6425171,63.70187378,124.2186279,122.8209229,93.74633789,119.8067627,11.94410133,4.007052422,23.77179146,0.0,0.0,234.9006653,192.3385162,170.364502,242.1780396,255.072464,0.0,0.0,0.0,0.0,0.0,35.83230591,64.11283875,19.8098259,35.15487671,30.91787529,0.0,0.0,0.0,3.906097412,0.0,103.5155487,84.14810181,126.7828827,160.1499939,154.5893707,11.94410133,8.014104843,23.77179146,11.71829224,19.32367134
Mount Dennis,115,14256,748.5689087,803.6235962,744.9732666,670.8056641,650.3605347,102.744751,131.5020447,122.956749,114.1796875,162.5901337,7.338911057,21.91700745,36.16374969,14.27246094,14.13827229,146.7782135,226.4757385,122.956749,149.8608398,98.96790314,0.0,0.0,0.0,7.136230469,21.20740891,95.40583801,248.392746,245.9134979,71.36230469,113.1061783,7.338911057,21.91700745,7.232749939,28.54492188,28.27654457,396.301178,138.8077087,130.1894989,221.2231445,205.0049438,7.338911057,0.0,36.16374969,7.136230469,35.34568024
Lambton Baby Point,114,8294,512.1326904,256.0975647,266.7960205,300.4446716,310.893219,73.16181183,12.19512177,109.1438293,192.2845764,119.5743179,121.936348,73.17073059,36.38127518,72.10671997,119.5743179,158.5172577,109.7560959,121.2709198,120.1778641,179.3614807,0.0,0.0,0.0,0.0,0.0,97.5490799,60.97560883,36.38127518,12.01778603,47.82972717,36.58090591,0.0,12.12709236,0.0,35.87229538,170.7108917,170.7317047,97.01673889,288.4268799,203.2763367,24.38726997,24.39024353,0.0,24.03557205,11.95743179
Weston,113,19809,819.3163452,997.1121826,960.5065308,823.0886841,992.7235107,195.3336945,217.9480133,225.3702545,290.1915283,239.0852356,27.12968063,32.69220352,59.02554321,68.59072113,41.58003998,293.0005493,239.7428284,402.4468689,200.4959564,301.4552917,0.0,16.34610176,5.365958214,5.276209354,10.39500999,244.1671143,228.8454132,246.8340912,221.6007996,129.9376373,32.55561447,70.83310699,42.92766571,42.20967484,67.56756592,341.8339539,506.7291565,450.740509,385.1632996,369.0228577,16.27780724,21.79480171,16.0978756,42.20967484,20.79001999
Beechborough-Greenbrook,112,7057,1014.229492,940.1061401,928.2826538,691.7868652,974.2620239,105.9642715,136.4670258,134.7507172,161.9075623,189.0359192,75.68876648,15.16300201,0.0,14.71886921,14.54122448,227.0662994,166.7930298,239.5568237,367.9717407,159.9534607,0.0,0.0,0.0,0.0,0.0,166.5152893,197.1190338,134.7507172,191.3453064,174.4946899,60.55101395,15.16300201,14.97230148,0.0,72.70612335,257.3417969,121.3040161,254.5291138,176.6264343,101.7885742,75.68876648,60.65200806,29.94460297,0.0,29.08244896
Rockcliffe-Smythe,111,23453,591.9735107,619.1680298,489.3893433,565.6011353,630.2163086,178.462616,148.2515106,216.5439606,227.0974426,161.8123016,56.5857048,39.24304581,51.97055054,25.70914459,21.29109192,165.4043732,165.6928558,160.2425232,102.8365784,183.1033936,8.705492973,0.0,0.0,0.0,4.258218288,161.0516205,265.9806519,203.5513153,81.41229248,38.32396698,26.11647987,13.08101463,4.330879211,17.13942909,25.54931068,235.0483093,183.1342163,251.1909943,321.3642883,306.5917358,13.05823994,17.44135284,43.30879211,64.27285767,38.32396698
Keelesdale-Eglinton West,110,11969,551.4705811,478.7187805,526.0888062,662.7581177,504.8380432,122.5490189,139.2636414,250.1078033,195.4286652,277.6609192,35.01400375,26.11193275,51.74644089,25.49069595,16.82793427,175.0700226,121.85569,120.7416992,263.4038696,151.451416,0.0,0.0,8.624406815,0.0,8.413967133,175.0700226,243.71138,206.9857635,169.937973,92.55364227,43.76750565,8.703977585,25.87322044,42.48449326,0.0,148.8095245,104.447731,189.7369537,178.4348755,244.0050507,17.50700188,0.0,34.49762726,25.49069595,75.72570801
Palmerston-Little Italy,080,14699,557.7633667,481.4065552,574.3944702,567.8319702,645.2050781,111.5526733,97.67668915,103.8062286,136.8269806,88.29122162,362.5462036,376.7529602,359.8616028,444.6876831,325.9983826,306.7698669,279.0762634,256.0553589,314.7020569,346.3732605,0.0,0.0,0.0,0.0,0.0,111.5526733,209.3071899,96.88581085,143.668335,67.91632843,0.0,0.0,6.920415401,0.0,0.0,780.8687134,313.9607849,581.3148804,547.3079224,441.4561157,6.972042084,41.86143875,48.44290543,75.25483704,81.49959564
University,079,7564,2213.65332,1774.724487,2258.292236,1748.785522,1759.410767,99.97143555,186.0598297,98.80028534,138.792511,163.6661224,1570.979736,1946.472046,2046.577271,1943.095093,1022.913269,856.8980103,729.927002,903.3168945,1027.064575,1241.134766,0.0,0.0,14.11432648,0.0,13.63884354,342.7592163,486.6180115,324.6294861,277.585022,218.2214966,0.0,0.0,14.11432648,13.87925053,0.0,1028.277588,858.7376709,1609.033203,1013.185303,804.6917725,142.8163452,85.87376404,84.68595886,249.8265076,95.47190094
Kensington-Chinatown,078,21229,2029.681396,2033.9729,2251.045166,2265.861084,1935.287231,152.7717133,164.9167175,160.7889404,119.8041458,218.4182434,567.4378052,703.6446533,771.7869263,739.6604004,604.4597778,540.1571655,439.7779236,568.1209106,1250.130249,1412.099365,5.456132889,27.48612022,0.0,15.62662792,0.0,294.6311646,368.3139954,487.7264404,411.5011902,238.7362213,21.82453156,49.47501373,48.23668289,36.4621315,20.317976,2782.627686,2913.528564,2310.000977,1484.529663,1777.822876,196.4207764,109.9444809,144.7100372,140.6396484,182.8617859
North St.James Town,074,20492,831.491394,711.3342896,824.0626221,846.5983887,1140.798584,57.88864517,88.91678619,72.10547638,45.62506485,100.0700455,310.4936218,319.0543518,339.9258423,202.7780609,270.1891174,378.9074707,271.9807434,247.2187958,359.9310608,350.2451782,10.52520752,0.0,0.0,0.0,0.0,157.8781128,109.8383789,175.1133118,152.0835419,170.1190796,0.0,10.46079826,5.150391579,30.41670799,10.00700474,468.3717651,800.2510376,272.9707336,441.0422668,495.3467407,15.78781223,41.84319305,41.20313263,15.208354,75.05253601
Moss Park,073,22207,2195.575928,2476.861572,2297.145264,2760.812256,3103.248291,114.9802856,84.13967133,107.4388657,253.239975,207.8499603,563.9509277,615.2713623,716.2590942,670.3411255,522.041748,531.0994263,678.3760986,680.446106,680.2720947,1121.423096,5.475251675,10.51745892,15.3484087,19.86195946,14.50115967,744.6342773,652.0824585,506.4974976,794.4783936,676.7208252,21.9010067,26.29364777,35.81295395,44.68940735,9.667440414,941.7433472,736.2221069,879.9754639,1226.475952,1063.418457,71.17827606,63.1047554,102.3227234,178.7576294,120.8430023
Regent Park,072,14166,943.1395874,1099.792603,1052.994995,1148.760376,1367.684448,126.9610977,27.04408264,86.31106567,82.64463043,182.8880463,244.8535461,351.5730591,319.3509521,371.9008179,357.8244324,272.0594788,225.3673553,250.3020935,223.1405029,516.8574829,0.0,9.014694214,34.52442551,16.52892494,7.951653957,163.2356873,162.2644958,155.3599243,247.9338837,135.1781158,36.27459717,72.11755371,77.67996216,82.64463043,47.70992279,535.050354,405.6612244,336.6131592,578.5123901,469.147583,45.34325027,18.02938843,17.26221275,33.05784988,47.70992279
Cabbagetown-South St.James Town,071,11968,913.8381348,1113.546631,867.9802246,993.8314209,1236.868896,60.92254257,78.91275787,69.43841553,162.7827301,194.8491974,635.335083,587.4616699,425.3103027,736.8060303,516.7739868,591.8189697,455.9403687,503.4285278,351.2680054,931.8875122,0.0,0.0,0.0,0.0,0.0,113.141861,210.434021,364.5516968,282.7279053,152.4906769,8.703220367,0.0,8.679801941,8.567511559,16.94340897,1009.573547,955.7211914,902.6994019,933.8588257,626.9061279,43.51610184,61.37659073,60.75861359,51.40507126,25.41511345
South Riverdale,070,30135,734.0444946,827.1829224,844.0302734,1033.636353,872.7966919,83.16760254,96.26698303,130.1213226,141.7360992,129.5557556,325.438446,459.9422302,400.9143677,466.6920166,245.4740753,354.3663025,534.8165283,327.0617065,314.5849915,450.0357971,0.0,10.69633102,17.58396339,6.913955688,0.0,155.4872589,174.7067413,232.1083221,134.8221436,122.7370377,0.0,24.95810509,31.65113449,13.82791138,20.45617294,542.3973999,534.8165283,429.0487061,570.4013672,531.8604736,61.47170639,78.4397583,91.43660736,82.96746826,71.59660339
Blake-Jones,069,8229,892.5204468,819.3621826,799.9000244,827.3648071,893.4035034,62.85354996,63.02785873,99.98750305,123.4872818,97.90723419,188.5606537,151.266861,199.9750061,74.09236908,220.291275,351.9798889,289.9281616,212.4734344,333.4156494,220.291275,0.0,12.60557175,0.0,0.0,0.0,163.4192352,163.8724365,199.9750061,185.2309265,122.3840408,12.57071018,50.42228699,24.99687576,24.69745636,24.47680855,263.9849243,264.7170105,212.4734344,160.5334625,281.4833069,25.14142036,0.0,24.99687576,12.34872818,48.9536171
North Riverdale,068,12168,536.6135254,423.6584167,545.0941772,451.1154785,595.7238159,82.55593109,58.14919281,82.59002686,90.22309875,171.3726196,206.3898315,249.2108307,222.9930573,401.9028931,310.1028137,421.0352478,340.5881348,231.2520599,278.8713989,350.9058228,0.0,8.307027817,8.259002686,0.0,0.0,280.690155,257.5178528,198.2160492,147.6378021,179.5332184,0.0,16.61405563,0.0,0.0,8.160600662,371.5016785,431.9654541,330.3601074,262.4671936,456.9936218,16.5111866,49.8421669,41.29501343,41.01049805,40.8030014
Playter Estates-Danforth,067,7764,492.866394,880.0310669,849.6395264,651.5906372,941.4758301,90.79118347,90.59143066,51.49330521,102.2102966,114.5038147,103.7613525,194.1244965,193.0998993,140.5391541,139.9491119,518.8067627,310.5992126,193.0998993,293.8546143,445.2926331,0.0,0.0,0.0,25.55257416,0.0,142.6718597,129.4163361,77.23995972,76.65772247,127.2264633,0.0,0.0,25.7466526,12.77628708,25.44529343,272.3735352,116.4747009,308.9598389,255.5257416,839.6946411,25.94033813,38.82490158,12.8733263,25.55257416,76.33587646
Danforth,066,10173,901.083313,747.0220337,781.0153198,1000.396179,816.607605,40.49812698,50.4744606,40.0520668,108.9540405,78.70916748,111.3698502,262.4671936,100.1301727,227.8129883,275.4820862,404.9812622,413.890564,290.3775024,297.1473999,393.5458374,10.12453175,10.09489155,10.0130167,9.904912949,0.0,192.3661041,191.802948,290.3775024,326.8621216,196.7729187,10.12453175,10.09489155,10.0130167,9.904912949,9.838645935,607.4719238,181.7080536,150.1952515,287.2424622,570.6414795,40.49812698,40.37956619,30.03905106,49.52456284,39.35458374
Greenwood-Coxwell,065,15400,964.1965942,678.7634277,519.4459229,797.1014404,841.8167725,114.6247711,87.36559296,86.57431793,111.9894562,189.2456207,168.5658417,248.6559143,179.808197,171.2779999,254.5027466,229.2495422,416.6666565,219.7655792,250.3293762,313.2341309,0.0,0.0,0.0,6.58761549,0.0,121.3674088,94.08602142,166.4890747,131.7523041,71.78282166,6.74263382,6.720429897,6.659563065,0.0,32.6285553,431.5285645,396.5053711,239.744278,428.1950073,652.571106,47.19843674,47.04301071,53.27650452,39.52569199,32.6285553
Woodbine Corridor,064,13282,591.8560791,654.7155151,617.3792114,732.6566162,771.0916138,78.91413879,77.94232178,38.58620071,91.58207703,60.47777557,110.4797974,233.8269653,138.9103241,160.2686462,181.4333191,197.2853546,405.3000793,231.5172119,183.1641541,249.4708252,23.67424202,0.0,0.0,0.0,0.0,126.2626266,70.14809418,146.6275635,206.0596771,90.71665955,15.78282833,7.794232368,0.0,0.0,15.11944389,299.8737488,226.0327301,300.9723816,610.5471802,514.0610962,23.67424202,46.7653923,23.15172005,53.42288208,22.67916489
The Beaches,063,23097,500.1591492,380.8314819,506.8400879,442.8305664,368.2111206,109.1256332,31.73595619,49.33841705,141.70578,92.05278015,81.84422302,403.5000305,139.044632,163.8473053,162.1882324,190.9698486,349.09552,152.5005646,190.4171448,254.2409973,0.0,0.0,0.0,0.0,0.0,63.65661621,72.53932953,215.2949066,48.71136475,70.13545227,0.0,0.0,0.0,0.0,8.766931534,445.5963135,294.69104,278.0892639,438.4022522,236.7071381,22.73450661,13.60112476,31.39717484,22.14152908,39.45119095
East End-Danforth,062,23011,880.7713623,771.1488647,784.4210205,817.5733643,811.8539429,64.89894104,106.206131,114.0146866,143.7491608,88.727211,213.2393799,235.5005493,173.3023224,202.1472473,137.5271759,417.207489,355.5596619,287.3170166,354.8807373,275.0543518,0.0,0.0,0.0,4.492161274,0.0,152.9760742,193.9416351,191.5446777,143.7491608,119.7817307,0.0,9.235316277,9.121174812,8.984322548,8.872720718,533.0984497,360.1773071,300.9987793,431.247467,297.236145,41.7207489,50.79423904,41.04528809,35.93729019,39.92724228
Taylor-Massey,061,16157,591.9371948,604.5874023,619.8475342,756.132019,703.8374634,56.07825851,37.39715958,30.99237633,73.76898193,67.32357788,49.84734344,56.09573746,30.99237633,104.5060577,24.48130226,442.3951721,261.7800903,167.3588257,252.0440216,385.5805054,6.230917931,6.232859612,6.198475361,0.0,6.120325565,255.4676361,105.9586105,111.5725555,110.6534729,79.56423187,0.0,12.46571922,12.39695072,6.147415161,12.24065113,292.8531494,218.1500854,235.5420532,184.4224548,287.655304,18.69275284,31.16429901,12.39695072,24.58966064,18.36097717
Woodbine-Lumsden,060,8141,506.1103516,444.444458,417.434021,499.5126648,424.6026917,74.06493378,24.69135857,12.27747059,24.36647224,97.05204773,37.03246689,86.41975403,24.55494118,73.09941864,97.05204773,222.1947937,172.8395081,122.7747116,170.5653076,121.3150558,12.34415531,0.0,12.27747059,0.0,12.13150597,86.40908813,37.0370369,73.66482544,73.09941864,36.39451599,0.0,12.34567928,12.27747059,12.18323612,0.0,432.0454407,444.444458,208.7170105,414.230011,424.6026917,37.03246689,74.07407379,0.0,36.54970932,60.65752792
Danforth East York,059,17883,319.6164551,284.2685852,463.303009,470.3774109,489.6233215,57.07436752,68.22445679,50.85033035,78.39624023,50.07511139,22.82974625,119.3927994,50.85033035,50.39757919,66.76681519,136.9784851,238.7855988,141.2509155,100.7951584,133.5336304,0.0,0.0,0.0,0.0,0.0,57.07436752,34.11222839,56.50036621,61.59704208,61.20291519,0.0,0.0,5.650036812,5.599731445,5.563901424,376.6908264,244.4709778,107.3507004,212.7897797,461.8038025,17.12231064,22.7414856,0.0,16.79919434,44.5112114
Old East York,058,9540,528.5971069,411.5660706,419.5510864,604.6075439,466.5146179,52.85971069,63.31785583,0.0,93.81841278,41.46796417,21.14388466,10.55297565,52.4438858,31.27280235,0.0,116.2913589,274.3773804,178.3092041,291.8794861,134.7708893,0.0,10.55297565,0.0,10.42426777,0.0,42.28776932,84.42380524,41.95510864,62.54560471,93.30292511,10.57194233,10.55297565,10.48877716,10.42426777,0.0,338.3021545,179.400589,220.2643127,208.4853516,373.2117004,31.71582603,21.10595131,20.97755432,0.0,31.10097504
Runnymede-Bloor West Village,089,10772,374.100708,352.2467651,302.3146057,289.8008728,398.8868408,115.1079102,85.68164825,188.9466248,243.0588074,269.0166931,182.2541962,142.8027344,198.3939514,46.74207687,74.21150208,239.8081512,209.4440155,179.4992981,205.6651459,250.4638214,0.0,0.0,0.0,0.0,0.0,182.2541962,133.2825623,132.2626343,177.6198883,185.5287628,9.592326164,0.0,0.0,0.0,0.0,278.1774597,171.3632965,198.3939514,186.9683075,324.6753235,9.592326164,9.52018261,0.0,18.69683075,18.55287552
High Park North,088,24474,405.0024414,398.106781,457.1777039,440.660553,383.6424866,62.30806732,30.96386147,39.18666077,85.56515503,105.3962936,160.2207489,203.4768066,261.2443848,226.7476654,210.7925873,311.5403442,123.8554459,235.1199493,265.2519836,286.6779175,0.0,0.0,0.0,0.0,0.0,102.3632584,123.8554459,152.3925629,106.9564438,46.37436676,0.0,0.0,0.0,0.0,0.0,93.4621048,79.62135315,182.8710785,124.0694809,189.7133179,8.901152611,8.846817017,8.708146095,17.11303139,21.07925797
High Park-Swansea,087,26135,517.4589844,401.3571777,395.4019165,336.4036865,406.4078369,67.31173706,49.65243149,57.06831741,84.10092163,114.4255066,92.55364227,235.8490601,134.5181732,184.2210693,138.0997467,210.3491821,132.4064941,163.0523376,180.2162628,213.0681763,0.0,0.0,0.0,0.0,3.945707083,172.4863281,74.47865295,110.0603256,52.0624733,102.5883865,4.206983566,16.55081177,12.2289257,8.00961113,11.83712101,298.6958313,211.0228424,232.3495789,108.1297531,228.8510132,21.03491783,20.6885128,40.76308441,12.01441765,51.29419327
Roncesvalles,086,15939,758.0665894,772.677124,720.7207031,539.6482544,706.0455322,38.87520981,77.91701508,128.7001343,139.6736755,88.25569153,272.1264648,181.8063812,463.3204651,431.7186279,340.4147949,233.2512665,272.7095642,308.8803101,476.1602478,598.8778687,0.0,0.0,0.0,12.69760609,6.303977966,129.5840302,194.7925415,160.8751678,139.6736755,157.5994415,0.0,25.97233963,38.61003876,12.69760609,31.51988983,181.4176483,220.7648926,379.6653748,349.1841736,283.6790161,12.95840359,19.47925377,77.22007751,31.74401665,63.03977966
South Parkdale,085,23054,1059.411011,1102.120483,1077.734497,992.0187378,1138.587402,93.34017944,106.9568481,87.1359787,76.65599823,97.8473587,112.0082169,144.1592255,210.9607849,198.4037476,346.9133606,238.0174561,330.1711426,265.9940491,351.7157288,395.8370361,0.0,4.650297642,0.0,0.0,4.44760704,182.0133514,190.6622009,142.16922,166.8395233,151.2186432,4.667008877,32.55208206,27.51662445,27.05505753,8.895214081,200.6813812,227.8645782,394.4049377,198.4037476,244.6183929,18.66803551,41.85268021,50.44714355,40.58258438,106.742569
Little Portugal,084,17399,531.8795166,698.678833,580.270813,530.4230957,526.8199463,93.07891846,76.21951294,112.3104782,73.16181183,65.85249329,265.9397583,260.4166565,505.3971558,341.4217834,383.1417542,259.2912598,254.0650482,249.5788422,341.4217834,347.222229,13.29698849,6.351625919,0.0,6.096817493,0.0,46.53945923,57.1646347,81.11312103,73.16181183,59.86590195,6.648494244,0.0,0.0,6.096817493,5.986589909,212.7518158,196.9004059,274.5367126,189.0013428,245.4501953,6.648494244,25.40650368,12.47894192,67.06499481,53.87931061
Dufferin Grove,083,12709,750.1442871,771.8203735,690.7199707,945.2855835,722.7384644,57.70340347,65.68683624,89.38729095,136.1852112,47.6530838,329.7337341,369.4884644,365.675293,240.3268433,357.3981323,280.2736816,221.6930847,203.1529388,368.5011597,349.4559631,0.0,8.21085453,0.0,0.0,0.0,280.2736816,172.427948,105.6395264,208.2832642,254.1497955,0.0,8.21085453,16.25223541,16.02178955,0.0,247.3003082,312.0124817,276.2879944,384.5229492,357.3981323,41.21671677,24.63256454,24.37835121,72.09805298,63.53744888
Trinity-Bellwoods,081,17814,660.3384399,811.7075195,750.1171875,710.7772217,651.6147461,94.33406067,136.2720642,134.7866821,115.5735321,131.4661407,247.6269073,408.8162231,351.6174316,381.3926697,337.2391968,330.16922,272.5441284,404.3600464,364.0566406,628.7510986,0.0,5.924872398,0.0,0.0,0.0,88.43817902,100.7228317,117.2058105,86.68015289,125.7502136,17.68763542,11.8497448,5.860290527,5.77867651,0.0,389.1279907,373.2669678,392.6394653,381.3926697,325.807373,35.37527084,11.8497448,35.16174316,46.22941208,17.14775658
Don Valley Village,047,29424,495.2821655,487.9812012,456.71875,432.2462769,517.4329834,101.2255554,101.2109146,103.4753418,91.369133,72.92679596,25.30638885,7.229351044,14.27246094,31.6277771,13.8908186,169.9143219,238.5685883,114.1796875,203.8234406,118.0719528,0.0,0.0,0.0,0.0,0.0,119.3015442,86.75221252,67.79418945,126.5111084,118.0719528,7.230396748,3.614675522,0.0,7.028394699,10.41811371,368.7502136,195.1924744,128.4521484,175.7098694,239.6166077,21.69118881,28.91740417,35.68115234,38.65616989,48.6178627
Pleasant View,046,16732,256.6923218,319.5673523,268.4072571,235.3083191,263.7415466,36.67033386,43.01868057,103.7027969,78.43610382,143.859024,0.0,12.29105186,12.20032978,6.033546448,17.98237801,110.0110016,196.6568298,67.10181427,199.1070404,71.92951202,0.0,0.0,0.0,0.0,0.0,97.78755951,79.89183807,30.50082397,54.30191803,83.91776276,6.111722469,6.145525932,0.0,6.033546448,0.0,281.1392212,79.89183807,158.6042786,174.9728546,275.7297974,30.55861092,18.43657875,30.50082397,30.16773224,23.97650337
Flemingdon Park,044,23485,663.5993652,703.2597656,552.2682495,641.7761841,658.5744019,30.96796989,22.11508751,52.59697723,34.69060135,38.7396698,44.2399559,17.69207001,21.91540718,8.672650337,30.13085365,88.4799118,61.92224503,52.59697723,60.70855713,68.87052155,0.0,0.0,0.0,0.0,0.0,88.4799118,110.5754318,87.66162872,69.3812027,55.95730209,22.11997795,35.38414001,21.91540718,26.01795197,38.7396698,70.78393555,207.8818207,70.12930298,108.4081345,73.17493439,13.27198696,13.26905251,17.53232574,4.336325169,12.91322327
Victoria Village,043,18592,720.8945923,713.9619141,420.0974731,595.9278564,666.3389893,68.11602783,118.9936523,78.41819,60.69635391,81.92691803,17.02900696,5.66636467,5.601299286,16.55355072,5.461794853,261.1114197,124.6600189,179.2415771,198.6426086,322.2458801,0.0,11.33272934,5.601299286,0.0,5.461794853,85.14502716,67.99637604,84.0194931,71.73205566,71.00333405,0.0,39.66455078,16.80389786,5.517850399,38.23256302,215.7007446,186.9900208,207.2480774,237.2675629,207.5482025,34.05801392,22.66545868,28.00649834,16.55355072,21.84717941
Banbury-Don Mills,042,31047,282.1690979,299.3471985,378.265625,255.7368011,254.5220032,75.96859741,25.24614906,56.56308365,96.76527405,145.9259491,43.41062927,18.03296471,35.35192871,44.92673492,6.78725338,314.7270508,205.5757904,226.2523346,293.7517395,274.8837585,0.0,0.0,0.0,0.0,0.0,104.9090195,86.55822754,38.88712311,27.64722061,44.11714935,0.0,7.213185787,3.535192728,0.0,6.78725338,148.3196411,180.3296356,208.5763702,221.1777649,196.8303528,50.64573288,39.67251968,17.67596436,27.64722061,54.29802704
Bridle Path-Sunnybrook-York Mills,041,10707,335.3889465,214.2015686,272.0803833,336.6316528,448.9673767,129.8279724,117.8108597,31.39388847,91.8086319,109.7475815,64.91398621,64.26046753,62.78777695,30.60287666,59.86231613,389.4839478,524.7938232,701.130188,540.6508179,528.7838135,0.0,0.0,0.0,0.0,0.0,10.81899834,21.42015648,10.46462917,10.20095921,129.7016907,0.0,0.0,10.46462917,20.40191841,29.93115807,173.1039734,128.5209351,125.5755539,193.818222,249.4263153,32.4569931,53.55039215,52.32314682,40.80383682,29.93115807
St.Andrew-Windfields,040,20205,224.9657135,291.7698975,254.3427734,312.5827942,328.2617798,137.1742096,55.05092239,86.5847702,127.1523209,208.4201813,5.486968517,38.53564453,27.05774117,37.0860939,20.84201813,433.47052,308.2851563,476.2162476,429.1390686,437.682373,0.0,0.0,10.82309628,0.0,0.0,27.43484306,93.58657074,5.411548138,26.49006653,57.31554794,0.0,11.01018429,0.0,5.29801321,10.42100906,235.9396362,148.6374969,167.7579956,143.0463562,260.5252075,76.81755829,49.54582977,37.88083649,31.78808022,36.47352982
Bedford Park-Nortown,039,25583,119.2148819,144.9151764,218.0842133,160.4212036,239.1568756,170.3069763,127.8663406,197.1145782,201.5548553,255.3708954,38.31906891,85.24422455,46.13319778,82.26728821,81.07012939,285.2641907,426.2211304,507.4651794,415.4497986,364.8155518,0.0,0.0,0.0,0.0,0.0,34.06139755,76.71980286,71.29676056,53.47373581,56.74908829,0.0,4.262211323,0.0,0.0,8.107012749,276.7488403,196.0617218,364.8716736,304.3889465,482.3672485,59.60744095,29.83547783,54.52105331,28.79355049,72.96311188
Lansing-Westgate,038,17872,472.0740662,391.5426636,499.3460999,379.4069519,403.0864868,134.8782959,156.6170654,166.4487,93.39247894,143.9594574,24.52332687,78.30853271,29.72298241,23.34811974,28.79189301,165.5324554,246.9730682,249.6730499,291.8515015,224.5767517,0.0,0.0,0.0,0.0,0.0,30.65415955,30.1186676,83.22434998,186.7849579,51.82540512,6.130831718,6.023733616,0.0,5.837029934,11.51675701,190.0557861,228.9018707,190.2270813,303.5255737,414.603241,30.65415955,24.09493446,65.39055634,35.02218246,57.58378601
Willowdale West,037,19546,597.1384888,549.6412964,424.5443115,524.2536011,567.4141846,82.77166748,63.64267349,73.58768463,60.70305252,129.6946716,88.68392944,271.9277954,130.1935883,44.14767456,59.44339371,94.59619141,219.8565216,169.8177338,193.1460724,108.0788956,0.0,0.0,5.660591125,0.0,0.0,5.912261963,63.64267349,130.1935883,176.5906982,135.0986176,0.0,11.57139587,0.0,0.0,0.0,100.5084534,231.4279175,254.726593,204.1829987,302.6209106,35.47357178,23.14279175,22.6423645,33.11075592,48.63550568
Newtonbrook West,036,26265,465.4994812,570.2330322,448.6661377,671.7545166,615.8311768,98.86714935,184.6078033,137.4292603,202.718811,231.427002,78.26982117,110.7646866,97.00889587,63.59806061,62.75986481,173.0175018,221.5293732,351.6572266,214.6434479,207.8920593,0.0,0.0,0.0,0.0,0.0,24.71678734,65.63833618,161.681488,95.3970871,70.60485077,0.0,0.0,0.0,0.0,3.92249155,271.8846436,184.6078033,206.1438904,250.4173584,325.566803,41.19464493,24.61437416,68.71463013,35.77391052,43.14740753
Westminster-Branson,035,27742,351.7042542,413.3462524,369.0036926,365.1100769,380.3107605,71.0891571,89.37216187,66.42066193,127.7885284,123.1482468,41.15688324,55.85760117,36.90036774,18.25550461,39.84207916,254.4243622,70.75296021,154.9815521,146.0440369,137.6362762,0.0,0.0,0.0,0.0,0.0,22.44920921,37.23839951,55.35055161,54.76651382,28.97605896,0.0,7.447679996,0.0,3.651100874,3.62200737,190.8182678,163.8489685,158.6715851,222.7171478,188.3443756,18.70767403,26.06687927,14.76014805,14.6044035,3.62200737
Bathurst Manor,034,17255,294.1912842,442.3676147,344.2763977,404.7849121,339.9129333,143.9659424,155.7632446,153.6948242,223.5379486,149.0846252,37.55633545,24.92211914,43.03454971,54.3740921,35.78030777,187.7816772,205.6074829,233.6161346,193.3301086,131.1944733,0.0,0.0,0.0,0.0,0.0,56.33450317,74.76635742,79.92131042,60.41566086,89.45077515,0.0,0.0,0.0,0.0,0.0,175.2628937,211.8380127,184.4337921,247.7042084,190.8283081,12.51877785,24.92211914,30.73896408,24.16626358,29.81692314
Clanton Park,033,19089,379.8842163,336.5015564,352.58078,479.4134216,503.4856567,180.8972473,295.1768188,156.0603485,236.8866272,243.4436188,30.14954185,5.90353632,28.90006447,62.0417366,49.79528427,265.315979,242.0449829,312.120697,293.288208,243.4436188,0.0,5.90353632,0.0,0.0,0.0,48.23926544,41.32475281,86.70018768,62.0417366,88.52495575,6.02990818,0.0,5.780012608,0.0,11.06561947,307.5253296,242.0449829,398.8208923,366.61026,376.2310486,36.17945099,35.42121887,28.90006447,50.7614212,22.13123894
Englemount-Lawrence,032,24465,369.4964905,577.2133789,463.5298157,416.6845703,473.7933044,93.48706818,102.1223679,153.0523071,171.8286896,101.5271378,120.1976547,79.92185211,26.23753738,51.54860687,42.3029747,182.5223694,248.6457672,205.5273743,223.3772888,135.3695221,0.0,0.0,0.0,4.295717239,0.0,57.87294769,164.2838135,96.20429993,42.95717239,63.45446014,26.71059036,71.04164886,21.86461449,34.36573792,50.76356888,235.9435577,164.2838135,223.0190735,236.2644501,266.508728,8.903530121,31.0807209,43.72922897,30.07002068,29.61208153
Yorkdale-Glen Park,031,17258,949.2793579,1210.402588,1080.899658,1143.822754,1302.066895,367.2394714,283.5800171,349.1104431,409.4365234,391.8842163,103.9356995,76.08244324,80.56394958,97.48488617,126.4142609,394.955658,456.4946594,389.3924255,415.9355164,549.9020386,6.929046631,6.916585922,6.713662148,12.99798489,6.320713043,145.5099792,165.9980621,228.2645111,305.4526672,265.4699402,20.78713989,6.916585922,40.28197479,64.9899292,107.4521179,526.6075439,435.7449036,516.9520264,630.4022827,543.5812988,103.9356995,179.8312378,154.4142303,129.9798584,189.6213837
Brookhaven-Amesbury,030,18738,551.4304199,661.6722412,662.1079102,563.6070557,560.1195068,229.3077087,164.0509644,130.2507324,257.6489563,197.3754425,32.75824356,21.87346268,37.98979568,32.20611954,21.3378849,240.2271271,169.5193329,173.6676483,177.1336517,266.7235718,0.0,5.468365669,0.0,0.0,0.0,109.1941452,180.4560547,113.9693909,107.3537292,122.6928406,10.91941452,16.40509605,37.98979568,10.7353735,42.67576981,278.4450684,147.645874,179.0947571,246.9135742,272.0580444,43.67765808,5.468365669,37.98979568,59.04455185,64.01365662
Maple Leaf,029,10575,304.4588623,413.6708374,175.5241394,259.7902527,266.3369141,176.7825623,147.7395782,78.01072693,125.0841904,237.8008118,9.821252823,0.0,19.50268173,9.621860504,0.0,127.6762924,177.2875061,97.51340485,67.35302734,142.6804962,0.0,0.0,0.0,0.0,0.0,29.46376038,78.79444122,19.50268173,57.73116684,38.04813004,19.64250565,0.0,9.751340866,19.24372101,9.512032509,176.7825623,128.0409698,58.5080452,317.5214233,171.2165833,39.28501129,0.0,19.50268173,38.48744202,28.53609848
Rustic,028,10404,656.1940918,737.6395264,631.4750977,702.2335205,618.8956299,188.9043579,99.68102264,108.5347824,146.298645,367.4692993,19.88466835,29.90430641,0.0,0.0,19.34048843,169.0196838,169.4577332,118.4015808,87.77919006,135.3834229,9.942334175,0.0,0.0,0.0,9.670244217,159.0773468,59.80861282,39.4671936,78.02593994,29.01073456,69.59634399,89.71292114,29.6003952,78.02593994,67.69171143,139.192688,79.74481964,177.6023712,458.4024048,251.4263611,9.942334175,29.90430641,9.866798401,19.50648499,9.670244217
York University Heights,027,29897,1025.748413,1264.6698,1184.29248,1213.260376,1279.837524,348.8940125,381.8532104,322.0444641,311.0047913,497.7145691,94.20137787,87.58100891,114.2738419,123.0348587,60.94464111,488.4515991,346.8208008,363.5986023,416.9514771,375.8252869,0.0,7.006481171,3.462843657,3.417634964,0.0,296.559906,241.723587,259.7132874,311.0047913,277.6366882,3.488940001,17.51620293,34.62843704,27.34107971,20.31488037,425.6506958,476.4407043,567.9063721,577.5803223,538.3443604,160.4912415,133.1231384,131.5880585,126.4524918,104.9602203
Glenfield-Jane Heights,025,32251,989.4353638,1013.122375,917.1390381,965.6821289,1094.61731,162.7780762,209.0569916,162.4100342,213.8970184,274.4339905,89.3683548,32.16261292,41.39863586,25.16435432,24.94854355,114.9021759,96.48783875,133.7494354,119.5306854,112.2684479,0.0,3.216261387,6.369020939,0.0,6.237135887,153.2028961,228.3545532,168.7790527,166.7138519,155.9283905,54.25936127,70.75775146,66.87471771,78.63861084,96.67560577,150.0111694,283.0310059,194.2551422,257.9346313,230.7740326,22.3420887,28.94635201,22.29157448,34.60098648,37.42281723
Broadview North,057,12200,487.4359131,387.5315857,476.4292908,471.2301636,566.0377197,33.61627197,58.97219849,50.15045166,49.60317612,24.6103363,75.63660431,134.7935944,83.58408356,8.267195702,106.6447906,176.4854126,134.7935944,200.6018066,66.13756561,205.0861359,0.0,0.0,8.358408928,8.267195702,0.0,33.61627197,92.67060089,41.79204178,57.87036896,41.01722717,0.0,8.424599648,8.358408928,0.0,0.0,201.6976166,202.1903992,100.3009033,132.2751312,213.2895813,16.80813599,16.8491993,8.358408928,8.267195702,8.203445435
Leaside-Bennington,056,18185,163.4273071,234.3978882,219.8183594,204.8014526,174.1181793,81.71365356,17.57984161,23.13877487,227.5571747,174.1181793,134.2438507,222.6779938,98.33979034,130.8453674,146.0345917,175.1006775,193.3782654,167.7561188,193.4235992,252.7521973,5.836689472,0.0,0.0,0.0,0.0,64.20358276,46.87957764,75.20101929,45.51143646,11.23343086,5.836689472,0.0,0.0,0.0,0.0,204.2841339,111.3389969,254.5265198,164.9789581,258.3688965,29.18344688,17.57984161,23.13877487,17.06678772,39.31700897
Thorncliffe Park,055,22508,500.3540344,413.7610474,459.4954834,422.1324463,544.0647583,56.64385223,23.24500275,41.35459137,59.00776291,67.44604492,23.60160446,69.73500824,45.94954681,13.61717606,35.97122192,127.4486694,111.5760117,87.30413818,108.9374084,125.8992844,4.720321178,4.649000645,18.37981987,0.0,0.0,47.20320892,74.38401031,41.35459137,18.15623474,58.45323563,4.720321178,4.649000645,9.189909935,13.61717606,35.97122192,80.24545288,139.4700165,114.8738708,136.1717529,121.4028778,28.32192612,51.13900375,41.35459137,18.15623474,22.4820137
O'Connor-Parkview,054,19901,845.899231,665.5137939,684.6118164,680.5853882,725.3728027,63.04838943,36.68186188,51.86452866,97.22648621,142.0310364,57.7943573,31.44159698,46.6780777,46.05465317,25.36268616,157.6209717,178.1690521,202.2716675,133.0467682,284.0620728,0.0,0.0,5.186452866,0.0,0.0,68.30242157,146.7274475,93.3561554,35.8202858,60.87044907,15.76209736,5.240266323,10.37290573,25.58591843,20.29014969,462.3548584,440.182373,160.7800446,399.1403198,253.6268616,31.52419472,31.44159698,10.37290573,30.7031002,35.50775909
Henry Farm,053,22782,407.4768677,447.3587341,426.3900757,412.3263855,442.0230408,77.61464691,61.28202057,86.43041992,86.80555725,118.2154617,12.93577385,6.128201962,17.28608513,5.425347328,30.83881569,168.1650543,73.53842163,161.336792,119.3576355,200.452301,6.467886925,0.0,5.762028217,5.425347328,0.0,38.80732346,36.76921082,69.14434052,54.25347137,35.97861862,25.8715477,0.0,5.762028217,10.85069466,20.55920982,239.3118134,269.6408997,132.5266418,130.2083282,431.7434082,19.40366173,6.128201962,51.85825348,27.12673569,66.81743622
Bayview Village,052,25685,500.874176,356.3922119,266.5126953,267.1492615,293.8583679,66.15319061,63.96783447,93.27944183,38.77973175,159.5231171,51.97750854,114.2282715,53.30253601,64.63288879,37.78178787,160.6577454,150.7813263,177.6751251,215.4429474,155.3251343,0.0,0.0,0.0,4.308858871,0.0,23.62614059,50.26044083,39.97690201,25.85315323,62.96965027,4.725227833,0.0,0.0,4.308858871,4.197976589,108.6802444,191.9035034,133.2563477,129.2657776,218.2947845,42.52705383,22.84565544,31.09314537,30.16201401,50.37571716
Newtonbrook East,050,17338,470.7631226,585.8887939,497.7264404,518.6346436,504.8105469,49.5540123,49.86287689,67.59247589,84.42890167,166.2905273,49.5540123,56.09573746,55.30293655,36.183815,41.57263184,309.7125854,261.7800903,344.1071777,385.9606934,314.7642212,6.194251537,6.232859612,0.0,6.030635834,0.0,49.5540123,62.32859802,116.7506485,42.21445084,59.38947678,0.0,12.46571922,0.0,6.030635834,0.0,204.4103088,162.0543518,239.6460571,205.0416107,344.4589539,37.16551208,31.16429901,55.30293655,24.12254333,53.45052719
Bayview Woods-Steeles,049,13641,328.4448547,284.812561,236.0645752,322.9682922,349.0012512,53.46776581,138.5574646,159.9147186,52.57623672,155.9367371,22.91475677,7.697636604,15.22997284,7.510890961,14.85111713,259.700592,254.0220184,296.9844666,217.8158264,155.9367371,0.0,0.0,0.0,0.0,7.425558567,7.638252258,0.0,30.45994568,45.06534576,44.55335236,0.0,7.697636604,0.0,22.53267288,22.27667618,106.9355316,115.4645538,45.68991852,217.8158264,163.3622894,7.638252258,7.697636604,22.84495926,15.02178192,14.85111713
Hillcrest Village,048,18076,330.6350403,230.335144,296.6681824,394.76651,380.4195862,57.00604248,126.6843262,102.6928329,140.9880371,151.0489502,22.80241776,17.27513504,39.93610382,45.11617279,50.34965134,273.6289978,195.7848663,176.8598785,236.8599091,195.8041992,0.0,0.0,0.0,0.0,5.594405651,39.90422821,86.37567902,154.0392456,95.87187195,95.10489655,0.0,0.0,5.70515728,5.639521599,11.1888113,262.2277832,120.9259491,114.1031494,208.6623077,257.3426514,28.50302124,11.51675701,22.82062912,45.11617279,33.56643295
Alderwood,020,13503,379.8900757,314.7953796,166.9316406,233.6994629,275.9466553,145.4898224,137.2185059,127.1860123,194.7495575,114.9777679,16.16553497,24.21502876,31.79650307,70.10984039,38.32592392,226.3174896,209.8635864,182.829895,179.1695862,199.2947998,0.0,0.0,0.0,0.0,0.0,48.49660492,80.71676636,47.69475174,62.31985855,38.32592392,0.0,0.0,0.0,0.0,7.665184498,363.7245483,363.2254333,135.1351318,155.7996368,413.9199829,24.24830246,80.71676636,55.64387894,54.52987289,53.65629196
Long Branch,019,11601,649.7915039,577.3671875,612.4564209,524.0897217,531.435791,145.475708,125.0962296,131.9136963,101.1401215,99.08124542,96.9838028,96.22786713,160.1809082,321.8094788,99.08124542,320.0465393,269.4380188,254.4049683,358.5877075,261.2142029,0.0,0.0,0.0,0.0,0.0,135.7773285,57.73672104,131.9136963,91.9455719,270.2215881,0.0,0.0,28.26721954,0.0,0.0,504.3157654,182.8329468,395.7410583,147.112915,396.3249817,38.79352188,0.0,28.26721954,27.58366966,9.007386208
New Toronto,018,12205,892.0065918,840.8408203,857.6766357,879.3969727,895.6708984,112.5833588,85.80008698,101.9021759,100.5025101,190.7447357,103.9230957,51.48005295,76.42662811,293.1323242,74.63924408,363.730835,360.3603516,220.7880402,175.8793945,207.3312378,0.0,8.580008507,0.0,16.75041962,0.0,181.8654175,163.0201569,195.3125,167.5041809,140.9852448,8.660258293,8.580008507,25.47554398,8.375209808,16.58649826,372.3910828,274.5602722,178.3288116,309.8827515,348.3164673,43.3012886,42.90004349,8.491847992,8.375209808,16.58649826
Stonegate-Queensway,016,26728,285.7366638,316.3938904,406.1109924,335.8009644,344.0843811,125.254425,54.68536377,135.3703308,129.7412872,136.1212921,78.28401184,46.87316895,30.94179153,45.79103851,41.59262085,176.1390381,191.3987732,193.3861847,148.8208771,241.9934235,0.0,0.0,0.0,0.0,0.0,58.7130127,62.49755859,100.5608215,103.0298386,90.74753571,7.828401566,0.0,0.0,3.815920115,7.562294483,238.7662506,203.1170654,224.3279877,301.4576721,276.0237427,31.31360626,15.62438965,23.2063427,30.52736092,15.12458897
Kingsway South,015,10257,351.9624634,287.8157959,209.709549,319.0285034,293.7303772,170.648468,95.93859863,220.1950226,102.9124222,293.7303772,170.648468,149.2378235,83.88381958,72.03869629,70.9004364,245.3071747,287.8157959,325.0498047,185.2423553,253.2158356,0.0,0.0,0.0,0.0,0.0,181.3139954,106.5984421,157.2821655,164.6598816,131.6722412,0.0,0.0,10.48547745,0.0,0.0,362.6279907,202.5370483,293.5933838,277.8635254,232.9585724,31.99658775,21.3196888,62.91286469,41.1649704,40.514534
Etobicoke West Mall,013,12713,505.6998291,388.9734497,441.6666565,368.8524475,420.5758667,119.9965744,126.8391647,75.0,73.77049255,97.05596924,17.14236641,8.455944061,16.66666603,16.39344215,24.26399231,214.2795868,118.3832245,66.66666412,131.1475372,64.70397949,0.0,8.455944061,0.0,0.0,16.17599487,42.85591888,33.82377625,33.33333206,49.18032837,80.87997437,17.14236641,8.455944061,8.333333015,24.59016418,32.35198975,214.2795868,160.6629486,125.0,188.5245972,153.6719513,25.71355057,0.0,33.33333206,24.59016418,48.52798462
Markland Wood,012,10741,112.2019653,242.8998566,213.9136963,221.4839478,128.7593079,140.2524567,121.4499283,83.70536041,175.3414612,82.77384186,56.10098267,9.342302322,27.9017849,46.14248657,82.77384186,177.6531067,177.5037384,120.9077377,230.7124329,229.9273376,0.0,0.0,0.0,0.0,0.0,28.05049133,93.42301941,93.00595093,36.91399002,119.5622177,0.0,0.0,0.0,9.228497505,9.197093964,355.3062134,411.0612793,288.3184509,203.026947,165.5476837,18.70032692,18.68460464,9.300595284,18.45699501,27.59128189
Eringate-Centennial-West Deane,011,19558,335.0610046,320.6981812,302.5560913,175.3390808,225.3290253,125.6478729,157.7204132,151.2780457,139.2398529,209.965683,10.47065639,21.02938843,20.86593628,10.31406307,15.36334324,146.5891876,147.205719,93.89671326,170.1820374,102.422287,0.0,0.0,0.0,10.31406307,5.121114254,78.52992249,68.34551239,93.89671326,46.4132843,56.33225632,20.94131279,15.77204132,5.21648407,15.47109509,10.24222851,240.8250885,220.8085785,151.2780457,216.5953217,184.3601227,20.94131279,21.02938843,10.43296814,20.62812614,20.48445702
Princess-Rosethorn,010,12552,131.9261169,308.9962158,234.232666,178.1321564,216.6486053,167.1064148,211.8831177,164.8303986,178.1321564,233.3138885,35.18029785,26.48538971,26.0258522,50.89490128,41.66319656,255.0571747,291.3392639,251.5832367,186.6146393,274.9770813,0.0,8.828462601,0.0,8.482483864,0.0,35.18029785,326.6531372,60.72698975,25.44745064,124.9895859,0.0,8.828462601,26.0258522,8.482483864,0.0,650.8355103,467.9085388,260.2585144,313.8518982,274.9770813,35.18029785,26.48538971,26.0258522,50.89490128,33.33055496
Edenbridge-Humber Valley,009,17271,154.5196991,185.647522,176.0341949,141.6866913,211.9542236,148.0813751,179.2458801,113.1648407,110.885231,139.2841949,70.8215332,32.00819397,69.15629578,18.48087311,6.05583477,257.5328369,294.4753723,264.0513,277.2130737,320.959259,0.0,0.0,0.0,0.0,0.0,45.06824493,25.60655594,31.43467903,36.96174622,18.16750526,0.0,12.80327797,0.0,0.0,18.16750526,534.3806152,300.8770142,232.6166229,141.6866913,199.8425446,25.75328445,12.80327797,25.14774323,30.80145454,60.55834961
Humber Heights-Westmount,008,11398,330.2253418,300.1549072,361.354126,362.6220398,328.3772583,252.5252533,164.6010895,237.7329712,139.4700165,173.3102264,29.13752937,9.682416916,9.509319305,27.89400291,9.121590614,194.2501984,222.6955872,294.7888794,269.6420288,209.7965851,0.0,9.682416916,9.509319305,18.59600258,0.0,58.27505875,106.5065842,47.54659653,46.49000549,45.60795593,38.85004044,67.7769165,28.52795792,27.89400291,63.85113525,349.6503601,271.107666,218.7143402,325.4300232,118.5806808,19.42502022,38.72966766,57.05591583,27.89400291,45.60795593
Willowridge-Martingrove-Richview,007,24097,312.9545593,429.560791,428.8313293,333.3333435,405.7995605,154.2733765,214.7803955,186.2600708,226.4957275,181.764389,48.48591614,8.766547203,12.99488831,12.82051277,8.454156876,158.6811829,153.414566,168.933548,282.0512695,177.5373077,4.407810688,0.0,0.0,8.547008514,4.227078438,66.11715698,232.3134918,86.63259125,72.64957428,160.6289825,8.815621376,13.14982033,12.99488831,21.36752129,21.13539314,260.0608215,223.5469513,177.596817,294.8717957,156.4019165,13.22343159,17.53309441,17.32651901,17.09401703,12.68123627
Kingsview Village-The Westway,006,22759,535.2561035,565.645874,469.9371948,423.0266113,421.2446289,221.1802216,185.6025391,158.1097107,239.8604431,173.7091217,26.54162598,8.838216782,17.56774521,21.80549431,21.71364021,145.9789429,150.2496796,171.2855225,170.0828552,117.2536621,4.423604488,8.838216782,8.783872604,8.722197533,0.0,141.5553436,114.8968124,57.09517288,78.49977875,60.79819489,30.96523094,70.70573425,43.91936493,13.08329678,13.02818394,238.8746338,238.6318512,206.4210052,231.1382446,178.0518494,17.69441795,22.095541,26.35161781,13.08329678,8.685456276
Elms-Old Rexdale,005,9884,543.144104,709.7305298,632.9760132,567.088623,715.3652344,194.7120361,164.5751953,122.5114822,334.1772156,282.1158752,40.99200821,20.57189941,30.62787056,20.25316429,10.07556629,174.2160339,102.8594971,122.5114822,70.88607788,100.7556686,0.0,0.0,20.41858101,0.0,0.0,81.98401642,216.0049438,224.6043854,131.6455688,161.2090607,40.99200821,41.14379883,61.25574112,30.37974739,90.68009949,245.9520416,246.862793,204.1858063,192.4050598,251.8891754,10.24800205,0.0,20.41858101,10.12658215,40.30226517
Rexdale-Kipling,004,10722,552.2792969,655.8605957,802.538269,702.7277222,534.315979,84.24599457,206.1276093,214.6323242,527.0457764,479.0419312,9.360666275,18.73887444,18.66368103,9.246417046,9.21234417,159.1313324,149.9109955,121.3139267,166.4355011,128.9728241,0.0,0.0,9.331840515,0.0,18.42468834,102.9673309,140.5415497,279.9552002,203.4211731,202.6715851,9.360666275,28.1083107,27.99552155,27.73925018,46.0617218,187.2133331,121.802681,177.3049622,323.6246033,423.7678528,9.360666275,0.0,9.331840515,27.73925018,27.63703346
Thistletown-Beaumond Heights,003,10530,557.5314941,460.2550659,533.9944458,500.8978271,704.9534912,144.1891785,143.8297119,219.3191528,415.8397217,488.7677307,48.06305695,28.76594162,0.0,0.0,0.0,221.0900726,220.5388794,162.1054688,151.214447,131.5913086,9.612611771,0.0,0.0,18.90180588,0.0,230.7026825,153.4183502,228.8547668,103.9599304,93.9937973,19.22522354,28.76594162,19.07123184,9.450902939,18.79875946,528.6936646,345.1912842,190.7123108,330.7815857,366.5758057,28.83783531,9.588646889,38.14246368,18.90180588,37.59751892
Mount Olive-Silverstone-Jamestown,002,35386,695.9598999,811.8800049,812.2479858,738.6888428,786.1185913,171.0409851,126.9485092,146.0877686,222.1837463,248.6993256,14.7449131,38.37978363,26.29579926,8.656509399,14.29306507,109.1123581,100.3778915,99.33968353,77.90858459,100.0514526,5.897965431,8.856872559,0.0,11.54201317,8.575839043,312.5921631,312.9428406,201.60112,178.9011993,168.6581726,32.43880844,20.66603661,26.29579926,49.05355453,42.87919617,182.8369141,289.3245239,201.60112,227.9547577,314.4474182,14.7449131,11.80916405,2.921755314,8.656509399,22.86890411
West Humber-Clairville,001,36388,894.9985352,862.2973022,876.4801636,907.4306641,723.597168,778.005249,950.5870972,954.8409424,1443.899048,1368.358765,52.64697266,52.97389603,29.02252197,25.68199921,19.70887184,348.0549927,385.5322266,362.7815247,485.1044312,380.0996704,8.774495125,5.885988235,0.0,0.0,5.631106377,222.2872162,267.8124695,356.9770203,259.6735535,202.7198181,14.62415886,29.42994118,20.31576538,39.9497757,39.41774368,780.9301147,665.1166992,647.2022095,1124.300903,999.5213623,172.5650787,120.6627655,168.3306274,145.5313263,183.0109558
Black Creek,024,23047,959.2540894,1188.86792,1021.136169,819.8166504,895.5875854,201.7123108,225.1643677,147.1506348,238.0112762,314.5478516,40.34246445,18.01314926,8.918219566,44.07616425,30.58103943,121.0273895,121.5887604,120.3959656,132.2284851,166.0113525,0.0,4.503287315,0.0,17.63046455,0.0,170.3348389,162.1183472,222.9555054,114.5980225,192.2236786,49.30745316,72.05259705,53.50931931,66.11424255,26.21232033,121.0273895,247.6808014,205.1190643,242.4188995,283.9667969,17.92998314,36.02629852,75.80487061,35.26092911,39.31848145
Pelmo Park-Humberlea,023,12121,466.5777893,568.4422607,485.5242004,650.7210693,673.9243164,295.1818848,238.3790283,422.5858765,589.1663818,630.7240601,9.521995544,9.168423653,0.0,35.17411041,8.640055656,142.8299408,220.0421753,278.7268372,211.0446777,198.7212677,0.0,9.168423653,0.0,8.793527603,8.640055656,228.5278931,110.0210876,206.7973328,167.0770264,69.12044525,19.04399109,45.84212112,8.991189003,26.38058472,25.92016602,304.7038574,330.0632629,314.6915894,439.6763916,259.2016602,57.13197327,36.67369461,53.94713211,35.17411041,60.48038864
Humbermede,022,16568,837.8848267,711.5216675,976.4538574,732.7796631,1017.195435,211.0228424,293.3466492,358.4450989,348.070343,423.8314514,31.03277016,18.72425461,18.54026413,12.21299458,6.054734707,217.2294006,149.7940369,129.7818451,268.6858826,375.3935547,0.0,6.241417885,6.180087566,0.0,0.0,167.5769653,174.7597046,216.3030701,183.1949158,163.4778442,49.65243149,18.72425461,37.08052826,30.53248596,24.21893883,192.403183,193.483963,142.1420135,293.1118774,254.2988586,55.8589859,6.241417885,43.26061249,61.06497192,48.43787766
Humber Summit,021,13425,702.1376343,924.0407104,891.1274414,833.5882568,855.6716919,319.8627014,493.3437805,643.1615601,825.9406738,1014.690308,23.40458679,46.98512268,23.24680328,15.29519749,53.00621033,343.2672729,321.0650024,309.9573669,428.2655334,446.7666321,7.801528931,0.0,15.49786949,7.647598743,22.71694756,171.6336365,180.1096344,209.2212372,237.0755615,212.0248413,46.80917358,125.2936554,69.74040985,38.23799515,68.15084076,483.6947937,524.6671753,650.9105225,619.4555054,514.9174805,124.8244629,140.955368,147.2297516,114.7139816,166.5909424
