NBHDNo,NBHDName,TSNS 2020 Designation,Median total income of private household in 2020 ($),Median total income of economic family in 2020 ($),Participation rate,Employment rate,Unemployment rate,"No certificate, diploma or degree (%)",High (secondary) school diploma or equivalency certificate (%),"Postsecondary certificate, diploma or degree (%)",No_of_Branches,No_of_Workstations,No_of_Programs,visits_2015,visits_2016,visits_2017,visits_2018,visits_2019,reg_2015,reg_2016,reg_2017,reg_2018,reg_2019,circ_2015,circ_2016,circ_2017,circ_2018,circ_2019,wrkstn_use_2015,wrkstn_use_2016,wrkstn_use_2017,wrkstn_use_2018,wrkstn_use_2019
001,West Humber-Clairville,Not an NIA or Emerging Neighbourhood,92000,104000,63.5,54.4,14.3,18.29,29.14,52.57,2,13,0,144976,172245,154296,134675,134675,864,997,1022,1192,1224,166526,151883,139851,122494,113892,32900,29488,26838,24800,23185
002,Mount Olive-Silverstone-Jamestown,Neighbourhood Improvement Area,76500,84000,56.0,46.1,17.7,27.79,30.31,41.92,1,38,7,194587,208251,260950,327977,327977,4272,4474,6889,7788,7314,353764,300607,309631,328536,300374,142187,140606,137999,111939,105936
003,Thistletown-Beaumond Heights,Neighbourhood Improvement Area,86000,100000,59.8,49.9,16.6,22.28,28.44,49.4,0,0,0,0,0,0,0,0,0,0,0,0,0,0,0,0,0,0,0,0,0,0,0
004,Rexdale-Kipling,Not an NIA or Emerging Neighbourhood,77000,99000,60.2,51.8,13.9,21.24,30.89,47.81,1,6,0,53825,51075,50646,40274,40274,400,462,427,466,514,82560,76880,79110,66414,69288,20063,19550,17963,11519,10536
005,Elms-Old Rexdale,Neighbourhood Improvement Area,82000,95000,57.1,46.5,18.5,22.66,33.96,43.32,0,0,0,0,0,0,0,0,0,0,0,0,0,0,0,0,0,0,0,0,0,0,0
006,Kingsview Village-The Westway,Neighbourhood Improvement Area,79000,91000,58.2,47.7,18.1,21.2,29.66,49.17,0,0,0,0,0,0,0,0,0,0,0,0,0,0,0,0,0,0,0,0,0,0,0
007,Willowridge-Martingrove-Richview,Not an NIA or Emerging Neighbourhood,92000,111000,58.3,49.9,14.3,16.68,26.05,57.27,1,44,5,422923,296948,252083,275100,275100,2841,2872,2833,3638,3800,623078,635613,539487,540718,556421,113426,107685,82853,71177,71343
008,Humber Heights-Westmount,Emerging Neighbourhood,85000,105000,57.8,50.4,12.9,16.91,25.77,57.27,0,0,0,0,0,0,0,0,0,0,0,0,0,0,0,0,0,0,0,0,0,0,0
009,Edenbridge-Humber Valley,Not an NIA or Emerging Neighbourhood,100000,131000,61.8,54.3,12.1,12.46,23.48,64.06,0,0,0,0,0,0,0,0,0,0,0,0,0,0,0,0,0,0,0,0,0,0,0
010,Princess-Rosethorn,Not an NIA or Emerging Neighbourhood,162000,186000,62.4,55.4,11.4,8.92,20.7,70.44,0,0,0,0,0,0,0,0,0,0,0,0,0,0,0,0,0,0,0,0,0,0,0
011,Eringate-Centennial-West Deane,Not an NIA or Emerging Neighbourhood,108000,127000,61.8,53.8,12.8,12.3,25.84,61.86,1,4,0,45000,47231,48985,45807,45807,398,411,410,476,512,158219,149823,128037,125978,120847,6850,7325,7175,5700,5383
012,Markland Wood,Not an NIA or Emerging Neighbourhood,105000,132000,57.6,50.6,12.2,10.55,25.01,64.38,0,0,0,0,0,0,0,0,0,0,0,0,0,0,0,0,0,0,0,0,0,0,0
013,Etobicoke West Mall,Not an NIA or Emerging Neighbourhood,84000,98000,64.4,55.3,14.2,14.03,27.62,58.35,0,0,0,0,0,0,0,0,0,0,0,0,0,0,0,0,0,0,0,0,0,0,0
015,Kingsway South,Not an NIA or Emerging Neighbourhood,184000,236000,61.9,56.8,8.3,6.46,15.08,78.45,1,33,3,232857,248601,267983,257933,257933,1725,1950,2237,2483,2858,411129,420952,433080,418716,409868,84937,84596,86113,57702,51475
016,Stonegate-Queensway,Not an NIA or Emerging Neighbourhood,104000,140000,65.5,57.7,12.0,11.53,20.51,67.97,1,4,0,51825,45753,46188,44973,44973,552,691,655,783,926,172226,174152,167341,156811,160861,8725,8825,8038,6015,6809
018,New Toronto,Not an NIA or Emerging Neighbourhood,68500,104000,63.8,55.4,13.2,14.13,28.06,57.76,1,8,0,73324,59758,59211,55870,55870,517,624,597,633,788,129918,131787,125383,128546,122517,22853,22585,23478,15193,13824
019,Long Branch,Not an NIA or Emerging Neighbourhood,83000,112000,69.3,61.4,11.5,12.85,22.53,64.57,1,11,0,53775,57181,50700,53829,53829,663,763,579,908,899,142842,143304,128538,130359,128543,25550,24788,19427,14458,13628
020,Alderwood,Not an NIA or Emerging Neighbourhood,106000,130000,65.8,57.9,11.9,15.92,26.24,57.89,1,7,0,101250,99865,97083,100886,100886,519,526,545,733,712,169022,164877,158583,155864,147747,16700,16338,15213,12162,10518
021,Humber Summit,Neighbourhood Improvement Area,80000,91000,55.8,46.1,17.4,27.84,29.68,42.53,1,9,0,46888,58365,24575,35770,35770,457,449,289,790,685,73816,69845,36120,53901,51847,27700,21488,7225,10281,11207
022,Humbermede,Neighbourhood Improvement Area,77500,85000,59.0,49.4,16.2,27.03,30.04,42.93,1,9,1,41450,54098,58297,58068,58068,426,480,506,573,784,77281,69884,67938,71530,60941,21425,24763,23938,13555,14657
023,Pelmo Park-Humberlea,Not an NIA or Emerging Neighbourhood,100000,112000,62.2,53.6,13.8,21.77,27.6,50.63,0,0,0,0,0,0,0,0,0,0,0,0,0,0,0,0,0,0,0,0,0,0,0
024,Black Creek,Neighbourhood Improvement Area,65000,76000,52.8,42.5,19.5,32.87,32.14,34.94,0,0,0,0,0,0,0,0,0,0,0,0,0,0,0,0,0,0,0,0,0,0,0
025,Glenfield-Jane Heights,Neighbourhood Improvement Area,70500,82000,54.1,43.8,19.1,33.5,32.12,34.36,2,55,4,323742,304744,287752,254131,254131,3517,3421,4073,4631,4554,366728,327065,284791,262756,228796,242185,220192,197296,117098,87164
027,York University Heights,Neighbourhood Improvement Area,76000,87000,61.5,51.4,16.4,19.02,29.0,51.98,0,0,0,0,0,0,0,0,0,0,0,0,0,0,0,0,0,0,0,0,0,0,0
028,Rustic,Neighbourhood Improvement Area,64000,77000,53.3,43.4,18.6,27.95,32.97,39.09,0,0,0,0,0,0,0,0,0,0,0,0,0,0,0,0,0,0,0,0,0,0,0
029,Maple Leaf,Not an NIA or Emerging Neighbourhood,82000,99000,59.4,50.6,14.8,25.21,26.34,48.45,0,0,0,0,0,0,0,0,0,0,0,0,0,0,0,0,0,0,0,0,0,0,0
030,Brookhaven-Amesbury,Not an NIA or Emerging Neighbourhood,73000,88000,58.7,48.6,17.2,27.69,30.63,41.68,1,6,0,51313,56483,25865,51242,51242,709,796,485,1045,1000,120983,106771,55198,85101,86154,16300,16563,7439,13010,13549
031,Yorkdale-Glen Park,Emerging Neighbourhood,79000,101000,61.1,51.4,16.0,23.28,24.52,52.23,0,0,0,0,0,0,0,0,0,0,0,0,0,0,0,0,0,0,0,0,0,0,0
032,Englemount-Lawrence,Emerging Neighbourhood,78000,102000,59.9,52.4,12.6,13.78,27.74,58.51,1,30,5,264647,234632,248990,246900,246900,2119,2022,2256,2884,3112,583455,546283,527513,503402,482673,131127,121863,132868,76409,66397
033,Clanton Park,Not an NIA or Emerging Neighbourhood,88000,115000,68.1,59.8,12.1,11.0,22.77,66.19,0,0,0,0,0,0,0,0,0,0,0,0,0,0,0,0,0,0,0,0,0,0,0
034,Bathurst Manor,Not an NIA or Emerging Neighbourhood,92000,113000,64.9,56.8,12.6,13.13,23.8,63.03,0,0,0,0,0,0,0,0,0,0,0,0,0,0,0,0,0,0,0,0,0,0,0
035,Westminster-Branson,Emerging Neighbourhood,76000,90000,61.0,51.6,15.5,9.59,26.29,64.14,1,8,1,118613,124345,177412,157112,157112,1756,1614,2092,2296,2120,291551,276142,307111,297665,270126,27188,28213,35950,26974,21971
036,Newtonbrook West,Not an NIA or Emerging Neighbourhood,79000,88000,61.8,53.3,13.7,10.71,24.15,65.14,0,0,0,0,0,0,0,0,0,0,0,0,0,0,0,0,0,0,0,0,0,0,0
037,Willowdale West,Not an NIA or Emerging Neighbourhood,76500,104000,60.7,53.4,12.0,7.6,18.61,73.79,1,98,6,1538044,1347718,342972,830485,830485,13064,12204,4960,12469,14523,1571479,1322318,597896,764881,995148,477283,433079,0,121507,227153
038,Lansing-Westgate,Not an NIA or Emerging Neighbourhood,98000,123000,67.2,59.5,11.5,6.88,18.87,74.22,0,0,0,0,0,0,0,0,0,0,0,0,0,0,0,0,0,0,0,0,0,0,0
039,Bedford Park-Nortown,Not an NIA or Emerging Neighbourhood,135000,198000,62.4,55.9,10.4,8.1,21.21,70.67,1,5,0,67038,67355,73163,73829,73829,545,567,645,859,842,198247,193515,202628,214013,213427,11013,10988,11225,9753,9414
040,St.Andrew-Windfields,Not an NIA or Emerging Neighbourhood,118000,141000,59.8,53.3,10.8,8.57,19.79,71.64,0,0,0,0,0,0,0,0,0,0,0,0,0,0,0,0,0,0,0,0,0,0,0
041,Bridle Path-Sunnybrook-York Mills,Not an NIA or Emerging Neighbourhood,222000,254000,58.2,53.4,8.2,6.16,17.11,76.72,0,0,0,0,0,0,0,0,0,0,0,0,0,0,0,0,0,0,0,0,0,0,0
042,Banbury-Don Mills,Not an NIA or Emerging Neighbourhood,91000,119000,58.1,52.0,10.5,8.8,21.87,69.33,1,25,3,267097,258252,257738,253090,253090,2152,2062,1909,2310,2137,627900,619014,565703,545675,472171,86525,88066,90243,61911,46052
043,Victoria Village,Neighbourhood Improvement Area,68000,90000,58.5,48.7,16.8,18.12,26.58,55.34,1,6,0,32275,42402,43446,42043,42043,465,541,471,630,544,106014,107811,99426,87550,87183,12950,12638,12050,9463,9070
044,Flemingdon Park,Neighbourhood Improvement Area,70000,81000,57.1,47.7,16.5,19.37,26.67,53.96,1,15,3,191338,176366,156265,139776,139776,1058,1065,991,1132,1204,148828,140186,114744,103736,98375,50388,49910,39266,29894,29562
046,Pleasant View,Not an NIA or Emerging Neighbourhood,89000,100000,57.6,47.9,16.9,14.84,24.65,60.51,1,8,0,74638,78629,79549,66616,66616,482,561,569,666,681,211842,209857,190453,157096,168874,22488,22363,17593,13400,13878
047,Don Valley Village,Not an NIA or Emerging Neighbourhood,83000,95000,61.1,52.0,15.1,10.83,21.68,67.49,1,55,6,426072,518674,566666,546827,546827,5792,5805,6056,8251,7751,805825,751914,728426,683924,638738,232297,224402,215656,130320,132363
048,Hillcrest Village,Not an NIA or Emerging Neighbourhood,86000,105000,52.4,45.3,13.6,11.57,20.46,67.97,1,12,0,108500,119386,116053,116494,116494,763,777,938,1057,980,340458,316962,309418,298415,281722,31550,29013,27575,16987,15515
049,Bayview Woods-Steeles,Not an NIA or Emerging Neighbourhood,93000,109000,53.8,46.6,13.4,9.66,22.42,67.92,0,0,0,0,0,0,0,0,0,0,0,0,0,0,0,0,0,0,0,0,0,0,0
050,Newtonbrook East,Not an NIA or Emerging Neighbourhood,80000,100000,59.8,52.0,13.1,8.5,22.4,69.06,0,0,0,0,0,0,0,0,0,0,0,0,0,0,0,0,0,0,0,0,0,0,0
052,Bayview Village,Not an NIA or Emerging Neighbourhood,83000,105000,64.9,56.0,13.7,5.37,17.53,77.13,1,14,1,171555,175117,226109,202545,202545,1854,1924,2628,2812,2582,374989,413869,455110,429168,397779,19505,23800,29604,26289,20341
053,Henry Farm,Not an NIA or Emerging Neighbourhood,79500,93000,70.8,61.1,13.7,7.84,17.18,75.01,0,0,0,0,0,0,0,0,0,0,0,0,0,0,0,0,0,0,0,0,0,0,0
054,O`Connor Parkview,Not an NIA or Emerging Neighbourhood,77000,102000,60.0,49.7,17.0,17.71,27.45,54.84,1,15,0,114925,100748,96392,89637,89637,1305,1269,1334,1381,1282,205651,197789,186973,162061,151755,43475,46688,45450,30300,29528
055,Thorncliffe Park,Neighbourhood Improvement Area,67000,74500,56.4,46.3,17.9,18.83,28.01,53.19,1,19,3,189550,215864,197227,194581,194581,1507,1627,1599,1753,1948,192845,178515,168175,152062,138280,79150,76875,71175,50333,42950
056,Leaside-Bennington,Not an NIA or Emerging Neighbourhood,148000,218000,65.5,58.2,11.2,8.4,17.31,74.28,1,13,1,147050,157136,157550,162265,162265,1135,1185,1274,1511,1530,365509,366723,348572,344926,330924,25913,24488,25313,20752,21315
057,Broadview North,Not an NIA or Emerging Neighbourhood,68500,95000,65.9,56.1,14.7,14.28,24.34,61.38,0,0,0,0,0,0,0,0,0,0,0,0,0,0,0,0,0,0,0,0,0,0,0
058,Old East York,Not an NIA or Emerging Neighbourhood,96000,129000,64.1,56.3,12.2,13.82,24.22,62.02,1,2,0,28400,25246,28939,28888,28888,170,190,209,204,244,59787,53254,51952,47739,55877,5438,4263,4375,3450,3749
059,Danforth-East York,Not an NIA or Emerging Neighbourhood,101000,133000,67.4,59.9,11.1,15.83,20.11,64.02,1,39,4,244873,251375,262097,259975,259975,1239,1269,1339,1760,1955,415562,406483,407819,399144,389780,138960,114635,119109,64722,58495
060,Woodbine-Lumsden,Not an NIA or Emerging Neighbourhood,96000,125000,66.7,58.7,12.0,12.61,22.96,64.43,0,0,0,0,0,0,0,0,0,0,0,0,0,0,0,0,0,0,0,0,0,0,0
061,Taylor Massey,Neighbourhood Improvement Area,68500,82000,63.5,51.5,18.8,14.1,24.84,61.1,0,0,0,0,0,0,0,0,0,0,0,0,0,0,0,0,0,0,0,0,0,0,0
062,East End Danforth,Not an NIA or Emerging Neighbourhood,90000,130000,68.5,59.7,12.9,12.01,21.02,66.97,1,9,0,116263,113091,120433,122506,122506,894,960,999,1195,1202,256372,263340,248530,242978,252545,35975,35813,32700,26001,23379
063,The Beaches,Not an NIA or Emerging Neighbourhood,116000,172000,68.4,60.9,11.0,7.37,19.44,73.19,1,12,0,185450,187288,213974,207052,207052,1546,1634,1533,1810,1887,356357,332412,314024,289818,287323,48525,45825,40875,31292,26353
064,Woodbine Corridor,Not an NIA or Emerging Neighbourhood,97000,144000,68.2,60.8,10.8,12.44,20.17,67.39,1,9,0,158113,173523,175012,169976,169976,1080,1078,1174,1314,1555,296571,302772,277410,269855,273555,37125,37150,36600,40326,36170
065,Greenwood-Coxwell,Not an NIA or Emerging Neighbourhood,93000,130000,66.8,58.8,12.0,15.04,22.69,62.27,1,8,0,94525,98279,104259,99576,99576,511,634,735,774,832,183970,187874,177571,171810,167483,25863,23825,24038,16717,16283
066,Danforth,Not an NIA or Emerging Neighbourhood,98000,149000,65.1,57.4,12.0,14.41,21.48,64.05,0,0,0,0,0,0,0,0,0,0,0,0,0,0,0,0,0,0,0,0,0,0,0
067,Playter Estates-Danforth,Not an NIA or Emerging Neighbourhood,87000,152000,66.2,57.0,14.0,10.62,18.21,71.17,0,0,0,0,0,0,0,0,0,0,0,0,0,0,0,0,0,0,0,0,0,0,0
068,North Riverdale,Not an NIA or Emerging Neighbourhood,108000,160000,66.8,60.6,9.1,10.94,16.04,72.96,1,18,0,198713,195261,194268,180916,180916,881,976,914,1322,1466,281348,265073,238778,223472,225704,73775,70700,71813,45729,44200
069,Blake-Jones,Not an NIA or Emerging Neighbourhood,86000,119000,64.4,55.8,13.4,16.09,22.45,61.46,1,14,0,229683,236930,233308,230567,230567,1449,1723,1645,2249,2105,425823,419428,386965,374726,359576,75404,74158,59407,60571,49103
070,South Riverdale,Not an NIA or Emerging Neighbourhood,100000,137000,72.7,63.2,13.0,14.45,18.63,66.92,2,13,0,134700,148879,152194,147201,147201,1096,1291,1240,1519,1618,299554,302847,281005,271577,258702,36988,35138,32351,32491,25453
071,Cabbagetown-South St. James Town,Not an NIA or Emerging Neighbourhood,76500,124000,67.8,59.0,12.9,7.21,19.66,73.17,0,0,0,0,0,0,0,0,0,0,0,0,0,0,0,0,0,0,0,0,0,0,0
072,Regent Park,Neighbourhood Improvement Area,65500,84000,61.9,51.0,17.3,15.03,25.07,59.9,0,0,0,0,0,0,0,0,0,0,0,0,0,0,0,0,0,0,0,0,0,0,0
073,Moss Park,Not an NIA or Emerging Neighbourhood,65000,105000,72.3,61.7,14.6,9.61,18.32,72.04,1,12,2,245031,238566,227666,225922,225922,1564,1540,1680,2071,1102,240075,226487,203705,191193,101464,68269,69344,66423,62072,28959
074,North St. James Town,Not an NIA or Emerging Neighbourhood,59200,79500,66.8,55.2,17.5,11.91,22.85,65.21,1,19,1,177063,174275,169242,157596,157596,1427,1588,1659,2137,2297,258692,253579,223251,221964,248646,57375,56575,58200,51621,58962
078,Kensington-Chinatown,Not an NIA or Emerging Neighbourhood,62000,90000,62.7,51.6,17.7,14.55,23.35,62.07,2,48,5,568555,565492,548300,550373,550373,4292,4391,4445,5603,5520,628295,599831,545969,500640,444434,243947,228559,178316,161255,144993
079,University,Not an NIA or Emerging Neighbourhood,80000,126000,69.1,58.6,15.3,7.85,17.81,74.43,0,0,0,0,0,0,0,0,0,0,0,0,0,0,0,0,0,0,0,0,0,0,0
080,Palmerston-Little Italy,Not an NIA or Emerging Neighbourhood,88000,133000,71.7,63.6,11.2,12.45,18.53,69.01,1,7,0,123950,103681,103458,101932,101932,949,1037,1115,1203,1462,194055,190775,189415,182356,189401,21188,21813,20363,21914,21432
081,Trinity-Bellwoods,Not an NIA or Emerging Neighbourhood,92000,116000,68.8,60.0,12.7,19.84,20.02,60.14,0,0,0,0,0,0,0,0,0,0,0,0,0,0,0,0,0,0,0,0,0,0,0
083,Dufferin Grove,Not an NIA or Emerging Neighbourhood,78000,108000,70.3,60.2,14.4,17.95,18.85,63.15,1,36,2,362150,364124,360508,369395,369395,3111,3076,3267,3787,4130,446446,410988,388365,369252,372794,179859,168193,171813,128177,119884
084,Little Portugal,Not an NIA or Emerging Neighbourhood,86000,117000,75.9,66.3,12.7,14.87,19.06,66.07,0,0,0,0,0,0,0,0,0,0,0,0,0,0,0,0,0,0,0,0,0,0,0
085,South Parkdale,Neighbourhood Improvement Area,57200,84000,69.0,57.0,17.3,14.67,25.57,59.78,1,24,2,430586,352888,337974,333245,333245,1960,1909,2129,2802,2068,385299,382060,357701,324230,204819,127130,125610,122844,103625,53495
086,Roncesvalles,Not an NIA or Emerging Neighbourhood,88000,133000,70.6,62.6,11.3,13.54,19.26,67.2,0,0,0,0,0,0,0,0,0,0,0,0,0,0,0,0,0,0,0,0,0,0,0
087,High Park-Swansea,Not an NIA or Emerging Neighbourhood,101000,147000,70.2,62.4,11.2,7.55,17.07,75.41,2,12,0,203776,225488,242481,221359,221359,1285,1367,1488,1649,2007,374653,375213,385719,342346,380049,46075,41850,47438,33839,35994
088,High Park North,Not an NIA or Emerging Neighbourhood,83000,120000,72.0,62.5,13.1,6.55,16.51,76.96,1,15,0,473488,287359,151817,284820,284820,1833,1867,1296,2512,2536,462269,465511,281048,421173,426354,65663,63363,38557,68987,67083
089,Runnymede-Bloor West Village,Not an NIA or Emerging Neighbourhood,138000,170000,70.3,63.4,9.8,10.84,17.07,72.15,1,19,1,150800,158532,163511,154666,154666,1202,1211,1359,1672,1755,274077,278761,295469,269642,267037,64375,64400,63875,43864,41567
090,Junction Area,Not an NIA or Emerging Neighbourhood,96000,123000,72.7,63.4,12.8,12.16,20.1,67.74,1,11,0,117375,114135,126645,102239,102239,915,1058,1234,1349,1274,221150,223409,250427,201476,201398,34038,29238,37370,21239,20898
091,Weston-Pelham Park,Neighbourhood Improvement Area,81000,112000,61.5,52.1,15.2,27.83,27.44,44.68,1,5,0,29788,30566,24915,0,0,284,306,287,6,254,58560,57530,50583,4239,14047,13925,13838,9487,0,1473
092,Corso Italia-Davenport,Not an NIA or Emerging Neighbourhood,94000,119000,66.9,59.4,11.3,22.77,21.53,55.66,1,20,1,105000,104307,103822,111761,111761,814,834,808,1420,1442,151261,145940,149156,169416,169397,54700,51225,49488,42709,40379
094,Wychwood,Not an NIA or Emerging Neighbourhood,86000,124000,66.6,58.3,12.5,15.37,20.54,64.08,1,3,0,39975,35844,34954,37506,37506,242,280,316,452,560,126743,125999,119636,131944,138693,6688,6113,6100,4008,4311
095,Annex,Not an NIA or Emerging Neighbourhood,85000,144000,69.7,61.6,11.6,5.66,15.35,78.99,3,19,0,340226,343606,349749,326582,326582,2562,2556,2774,3241,3608,715876,707979,656904,619184,619521,65926,63351,66113,61488,56815
096,Casa Loma,Not an NIA or Emerging Neighbourhood,103000,164000,64.7,57.6,11.0,4.76,17.34,77.85,1,11,0,116525,143043,133540,62229,62229,1032,1164,1101,579,17,235971,242999,232975,115280,14190,37263,36875,36463,16140,0
097,Yonge-St. Clair,Not an NIA or Emerging Neighbourhood,94000,157000,67.5,61.8,8.5,4.75,14.41,80.89,0,0,0,0,0,0,0,0,0,0,0,0,0,0,0,0,0,0,0,0,0,0,0
098,Rosedale-Moore Park,Not an NIA or Emerging Neighbourhood,122000,200000,59.1,53.5,9.4,4.83,15.1,80.07,2,226,3,1558204,1744658,1886346,1883981,1883981,13407,15201,15361,17437,16795,834394,834280,800718,795534,790945,961396,977011,921562,494429,451793
099,Mount Pleasant East,Not an NIA or Emerging Neighbourhood,110000,170000,68.7,61.4,10.6,7.25,16.89,75.86,1,2,0,62863,66950,59793,62333,62333,546,656,589,837,776,152476,161406,155354,153772,155612,6138,6250,5738,6809,5368
100,Yonge-Eglinton,Not an NIA or Emerging Neighbourhood,94000,155000,71.0,62.8,11.5,6.55,15.06,78.34,1,27,2,306319,364658,391543,373362,373362,2466,3050,3384,4164,4118,453583,458418,456927,432317,420227,112235,117080,120673,104897,92396
101,Forest Hill South,Not an NIA or Emerging Neighbourhood,109000,188000,63.9,58.2,8.9,6.53,16.84,76.63,0,0,0,0,0,0,0,0,0,0,0,0,0,0,0,0,0,0,0,0,0,0,0
102,Forest Hill North,Not an NIA or Emerging Neighbourhood,90000,124000,68.5,60.5,11.6,8.22,20.76,70.98,1,7,1,101125,108116,117222,113245,113245,1004,866,951,1093,1091,198480,200010,189387,181125,172300,21600,20350,21500,14583,17319
103,Lawrence Park South,Not an NIA or Emerging Neighbourhood,162000,244000,63.6,57.4,9.8,8.15,16.07,75.78,1,12,0,169263,188439,215365,206804,206804,1526,1503,1849,2111,2157,336679,339256,352148,349360,335761,42075,47125,46140,40048,36896
105,Lawrence Park North,Not an NIA or Emerging Neighbourhood,168000,228000,67.4,60.1,10.9,7.9,15.21,76.93,0,0,0,0,0,0,0,0,0,0,0,0,0,0,0,0,0,0,0,0,0,0,0
106,Humewood-Cedarvale,Not an NIA or Emerging Neighbourhood,83000,132000,71.0,63.3,10.8,8.07,19.55,72.34,0,0,0,0,0,0,0,0,0,0,0,0,0,0,0,0,0,0,0,0,0,0,0
107,Oakwood Village,Not an NIA or Emerging Neighbourhood,77000,105000,64.9,56.7,12.6,19.99,23.93,56.08,2,46,5,278506,316247,328702,315461,315461,2299,2389,2212,2607,2758,381113,354522,328765,334933,320524,173800,179700,154752,103431,98974
108,Briar Hill-Belgravia,Not an NIA or Emerging Neighbourhood,81000,102000,65.4,56.3,13.9,18.0,24.07,57.89,0,0,0,0,0,0,0,0,0,0,0,0,0,0,0,0,0,0,0,0,0,0,0
109,Caledonia-Fairbank,Not an NIA or Emerging Neighbourhood,87000,102000,65.7,57.1,12.9,30.2,24.43,45.36,0,0,0,0,0,0,0,0,0,0,0,0,0,0,0,0,0,0,0,0,0,0,0
110,Keelesdale-Eglinton West,Neighbourhood Improvement Area,77000,95000,60.1,51.1,14.9,31.88,28.81,39.3,1,12,0,52900,47549,48477,46693,46693,524,548,573,605,731,81207,79388,67336,62447,64150,34325,30325,25888,13481,12828
111,Rockcliffe-Smythe,Neighbourhood Improvement Area,69000,91000,56.8,48.8,14.2,26.76,29.8,43.44,0,0,0,0,0,0,0,0,0,0,0,0,0,0,0,0,0,0,0,0,0,0,0
112,Beechborough-Greenbrook,Neighbourhood Improvement Area,62400,82000,59.4,49.2,17.6,26.41,33.11,40.67,0,0,0,0,0,0,0,0,0,0,0,0,0,0,0,0,0,0,0,0,0,0,0
113,Weston,Neighbourhood Improvement Area,64500,86000,59.9,49.5,17.4,23.02,30.57,46.42,1,11,2,89225,99950,92943,91230,91230,979,1027,1067,1279,1518,135560,135040,128443,116159,108961,46263,41188,37813,26060,26812
114,Lambton Baby Point,Not an NIA or Emerging Neighbourhood,103000,142000,64.9,56.3,13.2,13.08,21.26,65.65,0,0,0,0,0,0,0,0,0,0,0,0,0,0,0,0,0,0,0,0,0,0,0
115,Mount Dennis,Neighbourhood Improvement Area,70500,87000,61.8,50.2,18.7,23.06,30.44,46.54,1,20,4,80588,84210,88386,80819,80819,728,804,821,912,1027,111864,106395,108609,104754,89270,55913,55175,53466,36451,31430
116,Steeles,Emerging Neighbourhood,80000,87000,49.4,40.2,18.6,21.61,28.56,49.83,1,8,0,161988,168942,156659,55838,55838,1052,1004,897,898,1570,267333,256926,238620,114108,198868,34800,34700,31163,14624,36129
118,Tam O'Shanter-Sullivan,Not an NIA or Emerging Neighbourhood,76500,92000,56.4,47.6,15.6,16.8,25.85,57.35,1,42,4,397421,313157,326233,368837,368837,2919,2318,2538,3658,3404,843672,712014,621226,623148,562590,158536,103406,134675,112149,110006
119,Wexford/Maryvale,Not an NIA or Emerging Neighbourhood,82000,99000,61.4,51.5,16.1,16.8,29.62,53.56,1,12,1,167575,203955,157983,137412,137412,1181,1266,1158,1538,1505,224525,207891,187741,162654,148594,32938,34313,33900,34992,32754
120,Clairlea-Birchmount,Not an NIA or Emerging Neighbourhood,90000,103000,62.7,53.4,14.9,16.27,26.73,57.02,2,47,5,479668,417103,487687,591711,591711,2846,2311,2991,4435,4151,629731,487976,461852,508502,422459,183634,168387,174396,138517,109797
121,Oakridge,Neighbourhood Improvement Area,60000,76500,54.6,43.1,21.1,20.48,28.87,50.65,0,0,0,0,0,0,0,0,0,0,0,0,0,0,0,0,0,0,0,0,0,0,0
122,Birchcliffe-Cliffside,Not an NIA or Emerging Neighbourhood,90000,123000,62.7,53.3,14.9,13.42,25.78,60.8,1,8,0,41388,40691,35466,34784,34784,421,401,343,497,545,127191,115914,94731,104908,103046,18588,14738,13329,8594,8422
123,Cliffcrest,Not an NIA or Emerging Neighbourhood,92000,114000,59.8,50.7,15.3,14.57,27.94,57.49,1,9,0,79300,69148,65757,65876,65876,659,789,725,963,1074,173302,164321,142382,137460,155449,18638,19413,16188,14475,14182
124,Kennedy Park,Neighbourhood Improvement Area,69000,90000,56.3,45.9,18.4,20.31,28.98,50.71,0,0,0,0,0,0,0,0,0,0,0,0,0,0,0,0,0,0,0,0,0,0,0
125,Ionview,Neighbourhood Improvement Area,74500,87000,60.3,50.4,16.4,18.98,29.74,51.32,1,14,3,110675,87203,92895,81014,81014,1391,1337,1547,1492,1568,188001,172424,155073,130416,122499,37925,36150,39175,29139,27027
126,Dorset Park,Emerging Neighbourhood,79000,92000,59.4,50.8,14.5,18.61,28.67,52.74,1,14,0,125177,134570,127230,122591,122591,1287,1259,1368,1542,1680,217638,196526,176865,158704,152135,42142,37741,36807,30641,29609
128,Agincourt South-Malvern West,Not an NIA or Emerging Neighbourhood,79500,88000,58.7,50.3,14.4,18.43,26.18,55.4,0,0,0,0,0,0,0,0,0,0,0,0,0,0,0,0,0,0,0,0,0,0,0
129,Agincourt North,Not an NIA or Emerging Neighbourhood,84000,91000,54.4,45.0,17.3,22.62,28.01,49.37,1,22,2,405225,441229,402862,373195,373195,2005,2000,2046,2387,2341,412778,387621,340490,312597,290873,106963,101650,97263,75752,72288
130,Milliken,Not an NIA or Emerging Neighbourhood,81000,83000,51.3,41.5,19.0,26.2,30.27,43.52,1,10,0,179312,178752,175028,164412,164412,777,818,856,942,851,264751,249112,226852,202870,194589,49572,45802,39670,30554,28864
133,Centennial Scarborough,Not an NIA or Emerging Neighbourhood,134000,149000,61.0,53.9,11.6,9.65,25.53,64.81,1,6,0,107850,98121,86237,84874,84874,843,737,849,1144,1076,227324,222051,203226,202041,200031,16450,16613,12475,10086,8556
134,Highland Creek,Not an NIA or Emerging Neighbourhood,120000,129000,59.1,50.2,15.0,11.93,29.79,58.23,1,11,0,69713,63785,60785,57664,57664,702,645,757,1016,1116,179144,165053,155735,145360,135525,21838,19238,19175,16657,15568
135,Morningside,Neighbourhood Improvement Area,85000,96000,60.0,50.5,15.7,14.72,29.21,56.04,0,0,0,0,0,0,0,0,0,0,0,0,0,0,0,0,0,0,0,0,0,0,0
136,West Hill,Neighbourhood Improvement Area,76000,95000,57.4,47.7,16.9,17.15,30.71,52.11,1,10,0,91163,101804,100674,102939,102939,1005,1168,1059,1573,1528,183685,177218,161130,152677,156566,42363,41988,39488,30116,29277
138,Eglinton East,Neighbourhood Improvement Area,73500,85000,58.2,48.3,17.1,19.11,29.59,51.29,0,0,0,0,0,0,0,0,0,0,0,0,0,0,0,0,0,0,0,0,0,0,0
139,Scarborough Village,Neighbourhood Improvement Area,71500,85000,56.8,46.7,17.8,18.82,28.62,52.55,0,0,0,0,0,0,0,0,0,0,0,0,0,0,0,0,0,0,0,0,0,0,0
140,Guildwood,Not an NIA or Emerging Neighbourhood,102000,126000,58.0,50.2,13.5,11.32,24.55,64.25,1,6,0,45763,59634,62890,57017,57017,389,357,348,477,342,121419,119074,114626,97265,47291,12600,12000,11088,9772,3327
141,Golfdale-Cedarbrae-Woburn,Neighbourhood Improvement Area (formerly Woburn),77000,88000,57.4,47.8,16.7,20.86,29.16,49.95,1,66,5,352780,363118,384227,355089,355089,3824,3861,3831,4913,4849,522254,485383,430830,394326,374943,243984,249984,197151,133544,124808
142,Woburn North,Neighbourhood Improvement Area (formerly Woburn),74500,88000,60.1,50.5,16.0,16.24,26.36,57.4,0,0,0,0,0,0,0,0,0,0,0,0,0,0,0,0,0,0,0,0,0,0,0
143,West Rouge,Not an NIA or Emerging Neighbourhood,108000,124000,60.4,51.7,14.5,10.84,26.73,62.43,0,0,0,0,0,0,0,0,0,0,0,0,0,0,0,0,0,0,0,0,0,0,0
144,Morningside Heights,Not an NIA or Emerging Neighbourhood,117000,120000,63.3,53.9,15.0,19.85,30.78,49.4,0,0,0,0,0,0,0,0,0,0,0,0,0,0,0,0,0,0,0,0,0,0,0
145,Malvern West,Emerging Neighbourhood,88000,92000,61.3,50.6,17.5,18.02,30.17,51.85,0,0,0,0,0,0,0,0,0,0,0,0,0,0,0,0,0,0,0,0,0,0,0
146,Malvern East,Emerging Neighbourhood,85000,97000,59.3,49.7,16.2,17.94,29.96,52.1,2,48,5,461933,440745,416564,376857,376857,2985,3206,3251,4450,4462,582785,530415,475500,436077,414877,198770,192019,179488,100183,96947
147,L'Amoreaux West,Emerging Neighbourhood,72500,92000,54.1,45.6,15.8,17.77,26.33,55.9,1,7,1,380100,423004,429296,434621,434621,1729,1965,2045,2908,2625,449199,420243,385501,419149,346131,41463,40138,43341,51202,47541
148,East L'Amoreaux,Emerging Neighbourhood,85000,89000,55.5,45.5,17.9,19.75,28.22,51.98,0,0,0,0,0,0,0,0,0,0,0,0,0,0,0,0,0,0,0,0,0,0,0
149,Parkwoods-O'Connor Hills,Not an NIA or Emerging Neighbourhood,98000,110000,62.1,52.0,16.3,13.92,23.68,62.44,0,0,0,0,0,0,0,0,0,0,0,0,0,0,0,0,0,0,0,0,0,0,0
150,Fenside-Parkwoods,Not an NIA or Emerging Neighbourhood,78000,89000,64.0,53.9,15.7,13.58,26.76,59.66,1,9,0,75938,71442,73732,73308,73308,753,770,792,1233,1597,179265,166907,161391,156836,151891,19700,19713,16113,16333,16706
151,Yonge-Doris,Not an NIA or Emerging Neighbourhood,73000,86000,63.1,55.0,12.8,5.78,16.9,77.32,0,0,0,0,0,0,0,0,0,0,0,0,0,0,0,0,0,0,0,0,0,0,0
152,East Willowdale,Not an NIA or Emerging Neighbourhood,95000,113000,56.6,48.9,13.5,8.58,20.75,70.71,0,0,0,0,0,0,0,0,0,0,0,0,0,0,0,0,0,0,0,0,0,0,0
153,Avondale,Not an NIA or Emerging Neighbourhood,84000,104000,71.2,63.0,11.4,4.08,14.58,81.38,0,0,0,0,0,0,0,0,0,0,0,0,0,0,0,0,0,0,0,0,0,0,0
154,Oakdale-Beverley Heights,Neighbourhood Improvement Area (formerly Downsview-Roding-CFB),71500,87000,61.2,50.8,16.9,27.01,32.51,40.45,1,7,0,89425,107969,102627,98278,98278,1109,1082,1210,1688,2389,109587,103621,97368,86179,79871,24413,21763,19913,24989,25777
155,Downsview,Neighbourhood Improvement Area (formerly Downsview-Roding-CFB),82000,99000,64.6,55.2,14.5,20.7,26.12,53.18,1,32,6,174447,206115,230231,231580,231580,1669,1549,1927,2468,1796,224968,210675,201514,185960,122726,109770,113701,99707,72517,43740
156,Bendale-Glen Andrew,Not an NIA or Emerging Neighbourhood,74500,92000,58.0,49.4,15.0,15.43,27.12,57.42,1,18,3,83038,175181,193914,191703,191703,2242,2173,2449,2686,2836,149189,179190,179314,172722,172072,27325,52375,63474,45256,43849
157,Bendale South,Not an NIA or Emerging Neighbourhood,90000,97000,58.9,49.9,15.4,17.78,29.69,52.58,1,9,0,65550,57910,50632,51489,51489,707,686,709,1055,909,147119,141482,123592,122497,114383,21100,18088,18675,14323,13281
158,Islington,Not an NIA or Emerging Neighbourhood,102000,125000,62.9,54.7,13.0,11.18,23.26,65.51,1,13,1,226512,239521,238477,232419,232419,2693,2849,2754,3085,3621,517719,508926,501624,463951,441050,46633,45770,43683,41801,38638
159,Etobicoke City Centre,Not an NIA or Emerging Neighbourhood,83000,106000,73.5,65.4,11.1,8.77,19.01,72.25,0,0,0,0,0,0,0,0,0,0,0,0,0,0,0,0,0,0,0,0,0,0,0
160,Mimico-Queensway,Not an NIA or Emerging Neighbourhood,84000,125000,68.9,60.9,11.6,13.38,21.19,65.46,1,9,0,94488,99232,92721,91352,91352,846,898,954,1056,1129,185421,187470,178966,172926,167353,21475,23175,24663,15725,12713
161,Humber Bay Shores,Not an NIA or Emerging Neighbourhood,85000,111000,73.9,64.8,12.4,6.41,17.56,76.03,0,0,0,0,0,0,0,0,0,0,0,0,0,0,0,0,0,0,0,0,0,0,0
162,West Queen West,Not an NIA or Emerging Neighbourhood,101000,136000,81.9,75.7,7.5,5.85,14.82,79.37,0,0,0,0,0,0,0,0,0,0,0,0,0,0,0,0,0,0,0,0,0,0,0
163,Fort York-Liberty Village,Not an NIA or Emerging Neighbourhood,94000,128000,86.7,79.3,8.6,2.67,11.73,85.6,0,0,0,0,0,0,0,0,0,0,0,0,0,0,0,0,0,0,0,0,0,0,0
164,Wellington Place,Not an NIA or Emerging Neighbourhood,90000,138000,87.3,80.5,7.8,1.7,10.47,87.85,0,0,0,0,0,0,0,0,0,0,0,0,0,0,0,0,0,0,0,0,0,0,0
165,Harbourfront-CityPlace,Not an NIA or Emerging Neighbourhood,90000,118000,84.0,75.4,10.3,3.2,11.59,85.23,1,16,2,180200,179705,169371,190668,190668,3732,3485,3661,4097,4769,219431,222008,221413,227453,230898,49513,48088,47162,37264,38890
166,St Lawrence-East Bayfront-The Islands,Not an NIA or Emerging Neighbourhood,87000,124000,75.7,67.5,10.8,4.21,13.67,82.11,1,7,0,103806,115189,118778,117556,117556,1278,1415,1769,2140,2550,192194,221478,215415,216375,220519,22051,23779,23888,24264,27347
167,Church-Wellesley,Not an NIA or Emerging Neighbourhood,60400,96000,73.4,61.9,15.6,3.87,18.0,78.15,0,0,0,0,0,0,0,0,0,0,0,0,0,0,0,0,0,0,0,0,0,0,0
168,Downtown Yonge East,Not an NIA or Emerging Neighbourhood,69500,112000,73.0,63.1,13.6,4.3,15.5,80.2,0,0,0,0,0,0,0,0,0,0,0,0,0,0,0,0,0,0,0,0,0,0,0
169,Bay-Cloverhill,Not an NIA or Emerging Neighbourhood,58400,100000,65.4,55.6,15.0,1.88,20.34,77.78,0,0,0,0,0,0,0,0,0,0,0,0,0,0,0,0,0,0,0,0,0,0,0
170,Yonge-Bay Corridor,Not an NIA or Emerging Neighbourhood,68500,100000,73.8,64.0,13.3,2.7,15.29,82.06,1,9,0,197250,198786,195475,197005,197005,1934,2655,2504,3182,3798,342516,337178,299464,273173,270410,29788,30938,33700,50205,47505
171,Junction-Wallace Emerson,Not an NIA or Emerging Neighbourhood,84000,112000,69.8,60.0,14.0,19.8,21.26,58.94,1,3,0,34938,46514,53451,55219,55219,245,290,376,574,548,91381,94035,92619,94768,97542,8113,7863,8425,5775,5480
172,Dovercourt Village,Not an NIA or Emerging Neighbourhood,87000,111000,67.7,58.4,13.8,18.75,20.74,60.51,0,0,0,0,0,0,0,0,0,0,0,0,0,0,0,0,0,0,0,0,0,0,0
173,North Toronto,Not an NIA or Emerging Neighbourhood,70000,96000,74.6,65.0,13.0,5.46,14.62,79.92,0,0,0,0,0,0,0,0,0,0,0,0,0,0,0,0,0,0,0,0,0,0,0
174,South Eglinton-Davisville,Not an NIA or Emerging Neighbourhood,80000,109000,73.4,65.6,10.6,4.38,14.16,81.5,0,0,0,0,0,0,0,0,0,0,0,0,0,0,0,0,0,0,0,0,0,0,0
